bingmap/19/0041073.jpg,streetview/panos/0041073.jpg,streetview/annotations/0041073.png
bingmap/19/0027458.jpg,streetview/panos/0027458.jpg,streetview/annotations/0027458.png
bingmap/19/0030398.jpg,streetview/panos/0030398.jpg,streetview/annotations/0030398.png
bingmap/19/0019289.jpg,streetview/panos/0019289.jpg,streetview/annotations/0019289.png
bingmap/19/0005775.jpg,streetview/panos/0005775.jpg,streetview/annotations/0005775.png
bingmap/19/0006865.jpg,streetview/panos/0006865.jpg,streetview/annotations/0006865.png
bingmap/19/0026884.jpg,streetview/panos/0026884.jpg,streetview/annotations/0026884.png
bingmap/19/0002063.jpg,streetview/panos/0002063.jpg,streetview/annotations/0002063.png
bingmap/19/0040339.jpg,streetview/panos/0040339.jpg,streetview/annotations/0040339.png
bingmap/19/0028600.jpg,streetview/panos/0028600.jpg,streetview/annotations/0028600.png
bingmap/19/0025357.jpg,streetview/panos/0025357.jpg,streetview/annotations/0025357.png
bingmap/19/0030180.jpg,streetview/panos/0030180.jpg,streetview/annotations/0030180.png
bingmap/19/0003947.jpg,streetview/panos/0003947.jpg,streetview/annotations/0003947.png
bingmap/19/0004445.jpg,streetview/panos/0004445.jpg,streetview/annotations/0004445.png
bingmap/19/0024616.jpg,streetview/panos/0024616.jpg,streetview/annotations/0024616.png
bingmap/19/0029820.jpg,streetview/panos/0029820.jpg,streetview/annotations/0029820.png
bingmap/19/0001595.jpg,streetview/panos/0001595.jpg,streetview/annotations/0001595.png
bingmap/19/0038632.jpg,streetview/panos/0038632.jpg,streetview/annotations/0038632.png
bingmap/19/0040376.jpg,streetview/panos/0040376.jpg,streetview/annotations/0040376.png
bingmap/19/0025277.jpg,streetview/panos/0025277.jpg,streetview/annotations/0025277.png
bingmap/19/0014873.jpg,streetview/panos/0014873.jpg,streetview/annotations/0014873.png
bingmap/19/0026397.jpg,streetview/panos/0026397.jpg,streetview/annotations/0026397.png
bingmap/19/0032878.jpg,streetview/panos/0032878.jpg,streetview/annotations/0032878.png
bingmap/19/0020007.jpg,streetview/panos/0020007.jpg,streetview/annotations/0020007.png
bingmap/19/0011129.jpg,streetview/panos/0011129.jpg,streetview/annotations/0011129.png
bingmap/19/0000235.jpg,streetview/panos/0000235.jpg,streetview/annotations/0000235.png
bingmap/19/0039264.jpg,streetview/panos/0039264.jpg,streetview/annotations/0039264.png
bingmap/19/0010654.jpg,streetview/panos/0010654.jpg,streetview/annotations/0010654.png
bingmap/19/0034698.jpg,streetview/panos/0034698.jpg,streetview/annotations/0034698.png
bingmap/19/0007074.jpg,streetview/panos/0007074.jpg,streetview/annotations/0007074.png
bingmap/19/0000045.jpg,streetview/panos/0000045.jpg,streetview/annotations/0000045.png
bingmap/19/0001040.jpg,streetview/panos/0001040.jpg,streetview/annotations/0001040.png
bingmap/19/0019456.jpg,streetview/panos/0019456.jpg,streetview/annotations/0019456.png
bingmap/19/0009373.jpg,streetview/panos/0009373.jpg,streetview/annotations/0009373.png
bingmap/19/0026558.jpg,streetview/panos/0026558.jpg,streetview/annotations/0026558.png
bingmap/19/0044281.jpg,streetview/panos/0044281.jpg,streetview/annotations/0044281.png
bingmap/19/0031203.jpg,streetview/panos/0031203.jpg,streetview/annotations/0031203.png
bingmap/19/0026588.jpg,streetview/panos/0026588.jpg,streetview/annotations/0026588.png
bingmap/19/0040632.jpg,streetview/panos/0040632.jpg,streetview/annotations/0040632.png
bingmap/19/0011401.jpg,streetview/panos/0011401.jpg,streetview/annotations/0011401.png
bingmap/19/0020100.jpg,streetview/panos/0020100.jpg,streetview/annotations/0020100.png
bingmap/19/0010280.jpg,streetview/panos/0010280.jpg,streetview/annotations/0010280.png
bingmap/19/0027984.jpg,streetview/panos/0027984.jpg,streetview/annotations/0027984.png
bingmap/19/0037948.jpg,streetview/panos/0037948.jpg,streetview/annotations/0037948.png
bingmap/19/0031855.jpg,streetview/panos/0031855.jpg,streetview/annotations/0031855.png
bingmap/19/0030184.jpg,streetview/panos/0030184.jpg,streetview/annotations/0030184.png
bingmap/19/0007649.jpg,streetview/panos/0007649.jpg,streetview/annotations/0007649.png
bingmap/19/0002146.jpg,streetview/panos/0002146.jpg,streetview/annotations/0002146.png
bingmap/19/0010404.jpg,streetview/panos/0010404.jpg,streetview/annotations/0010404.png
bingmap/19/0006607.jpg,streetview/panos/0006607.jpg,streetview/annotations/0006607.png
bingmap/19/0032377.jpg,streetview/panos/0032377.jpg,streetview/annotations/0032377.png
bingmap/19/0042196.jpg,streetview/panos/0042196.jpg,streetview/annotations/0042196.png
bingmap/19/0013647.jpg,streetview/panos/0013647.jpg,streetview/annotations/0013647.png
bingmap/19/0020468.jpg,streetview/panos/0020468.jpg,streetview/annotations/0020468.png
bingmap/19/0020790.jpg,streetview/panos/0020790.jpg,streetview/annotations/0020790.png
bingmap/19/0011391.jpg,streetview/panos/0011391.jpg,streetview/annotations/0011391.png
bingmap/19/0027792.jpg,streetview/panos/0027792.jpg,streetview/annotations/0027792.png
bingmap/19/0022119.jpg,streetview/panos/0022119.jpg,streetview/annotations/0022119.png
bingmap/19/0021505.jpg,streetview/panos/0021505.jpg,streetview/annotations/0021505.png
bingmap/19/0026690.jpg,streetview/panos/0026690.jpg,streetview/annotations/0026690.png
bingmap/19/0029737.jpg,streetview/panos/0029737.jpg,streetview/annotations/0029737.png
bingmap/19/0007537.jpg,streetview/panos/0007537.jpg,streetview/annotations/0007537.png
bingmap/19/0008488.jpg,streetview/panos/0008488.jpg,streetview/annotations/0008488.png
bingmap/19/0028174.jpg,streetview/panos/0028174.jpg,streetview/annotations/0028174.png
bingmap/19/0028829.jpg,streetview/panos/0028829.jpg,streetview/annotations/0028829.png
bingmap/19/0034070.jpg,streetview/panos/0034070.jpg,streetview/annotations/0034070.png
bingmap/19/0029041.jpg,streetview/panos/0029041.jpg,streetview/annotations/0029041.png
bingmap/19/0011812.jpg,streetview/panos/0011812.jpg,streetview/annotations/0011812.png
bingmap/19/0020004.jpg,streetview/panos/0020004.jpg,streetview/annotations/0020004.png
bingmap/19/0011110.jpg,streetview/panos/0011110.jpg,streetview/annotations/0011110.png
bingmap/19/0037618.jpg,streetview/panos/0037618.jpg,streetview/annotations/0037618.png
bingmap/19/0044415.jpg,streetview/panos/0044415.jpg,streetview/annotations/0044415.png
bingmap/19/0036823.jpg,streetview/panos/0036823.jpg,streetview/annotations/0036823.png
bingmap/19/0034250.jpg,streetview/panos/0034250.jpg,streetview/annotations/0034250.png
bingmap/19/0018023.jpg,streetview/panos/0018023.jpg,streetview/annotations/0018023.png
bingmap/19/0002451.jpg,streetview/panos/0002451.jpg,streetview/annotations/0002451.png
bingmap/19/0006765.jpg,streetview/panos/0006765.jpg,streetview/annotations/0006765.png
bingmap/19/0021401.jpg,streetview/panos/0021401.jpg,streetview/annotations/0021401.png
bingmap/19/0014506.jpg,streetview/panos/0014506.jpg,streetview/annotations/0014506.png
bingmap/19/0008357.jpg,streetview/panos/0008357.jpg,streetview/annotations/0008357.png
bingmap/19/0026857.jpg,streetview/panos/0026857.jpg,streetview/annotations/0026857.png
bingmap/19/0013907.jpg,streetview/panos/0013907.jpg,streetview/annotations/0013907.png
bingmap/19/0013600.jpg,streetview/panos/0013600.jpg,streetview/annotations/0013600.png
bingmap/19/0037689.jpg,streetview/panos/0037689.jpg,streetview/annotations/0037689.png
bingmap/19/0000910.jpg,streetview/panos/0000910.jpg,streetview/annotations/0000910.png
bingmap/19/0027685.jpg,streetview/panos/0027685.jpg,streetview/annotations/0027685.png
bingmap/19/0033607.jpg,streetview/panos/0033607.jpg,streetview/annotations/0033607.png
bingmap/19/0000011.jpg,streetview/panos/0000011.jpg,streetview/annotations/0000011.png
bingmap/19/0025820.jpg,streetview/panos/0025820.jpg,streetview/annotations/0025820.png
bingmap/19/0024258.jpg,streetview/panos/0024258.jpg,streetview/annotations/0024258.png
bingmap/19/0011290.jpg,streetview/panos/0011290.jpg,streetview/annotations/0011290.png
bingmap/19/0042923.jpg,streetview/panos/0042923.jpg,streetview/annotations/0042923.png
bingmap/19/0029160.jpg,streetview/panos/0029160.jpg,streetview/annotations/0029160.png
bingmap/19/0011922.jpg,streetview/panos/0011922.jpg,streetview/annotations/0011922.png
bingmap/19/0003550.jpg,streetview/panos/0003550.jpg,streetview/annotations/0003550.png
bingmap/19/0010243.jpg,streetview/panos/0010243.jpg,streetview/annotations/0010243.png
bingmap/19/0000084.jpg,streetview/panos/0000084.jpg,streetview/annotations/0000084.png
bingmap/19/0023216.jpg,streetview/panos/0023216.jpg,streetview/annotations/0023216.png
bingmap/19/0042271.jpg,streetview/panos/0042271.jpg,streetview/annotations/0042271.png
bingmap/19/0044512.jpg,streetview/panos/0044512.jpg,streetview/annotations/0044512.png
bingmap/19/0028432.jpg,streetview/panos/0028432.jpg,streetview/annotations/0028432.png
bingmap/19/0010800.jpg,streetview/panos/0010800.jpg,streetview/annotations/0010800.png
bingmap/19/0037208.jpg,streetview/panos/0037208.jpg,streetview/annotations/0037208.png
bingmap/19/0008798.jpg,streetview/panos/0008798.jpg,streetview/annotations/0008798.png
bingmap/19/0012180.jpg,streetview/panos/0012180.jpg,streetview/annotations/0012180.png
bingmap/19/0004339.jpg,streetview/panos/0004339.jpg,streetview/annotations/0004339.png
bingmap/19/0005362.jpg,streetview/panos/0005362.jpg,streetview/annotations/0005362.png
bingmap/19/0032198.jpg,streetview/panos/0032198.jpg,streetview/annotations/0032198.png
bingmap/19/0032106.jpg,streetview/panos/0032106.jpg,streetview/annotations/0032106.png
bingmap/19/0024048.jpg,streetview/panos/0024048.jpg,streetview/annotations/0024048.png
bingmap/19/0019909.jpg,streetview/panos/0019909.jpg,streetview/annotations/0019909.png
bingmap/19/0019103.jpg,streetview/panos/0019103.jpg,streetview/annotations/0019103.png
bingmap/19/0001786.jpg,streetview/panos/0001786.jpg,streetview/annotations/0001786.png
bingmap/19/0000502.jpg,streetview/panos/0000502.jpg,streetview/annotations/0000502.png
bingmap/19/0037109.jpg,streetview/panos/0037109.jpg,streetview/annotations/0037109.png
bingmap/19/0001583.jpg,streetview/panos/0001583.jpg,streetview/annotations/0001583.png
bingmap/19/0035855.jpg,streetview/panos/0035855.jpg,streetview/annotations/0035855.png
bingmap/19/0022771.jpg,streetview/panos/0022771.jpg,streetview/annotations/0022771.png
bingmap/19/0000978.jpg,streetview/panos/0000978.jpg,streetview/annotations/0000978.png
bingmap/19/0015548.jpg,streetview/panos/0015548.jpg,streetview/annotations/0015548.png
bingmap/19/0004275.jpg,streetview/panos/0004275.jpg,streetview/annotations/0004275.png
bingmap/19/0031573.jpg,streetview/panos/0031573.jpg,streetview/annotations/0031573.png
bingmap/19/0005451.jpg,streetview/panos/0005451.jpg,streetview/annotations/0005451.png
bingmap/19/0030809.jpg,streetview/panos/0030809.jpg,streetview/annotations/0030809.png
bingmap/19/0000246.jpg,streetview/panos/0000246.jpg,streetview/annotations/0000246.png
bingmap/19/0038852.jpg,streetview/panos/0038852.jpg,streetview/annotations/0038852.png
bingmap/19/0014228.jpg,streetview/panos/0014228.jpg,streetview/annotations/0014228.png
bingmap/19/0003701.jpg,streetview/panos/0003701.jpg,streetview/annotations/0003701.png
bingmap/19/0001699.jpg,streetview/panos/0001699.jpg,streetview/annotations/0001699.png
bingmap/19/0011183.jpg,streetview/panos/0011183.jpg,streetview/annotations/0011183.png
bingmap/19/0017301.jpg,streetview/panos/0017301.jpg,streetview/annotations/0017301.png
bingmap/19/0043758.jpg,streetview/panos/0043758.jpg,streetview/annotations/0043758.png
bingmap/19/0024532.jpg,streetview/panos/0024532.jpg,streetview/annotations/0024532.png
bingmap/19/0004700.jpg,streetview/panos/0004700.jpg,streetview/annotations/0004700.png
bingmap/19/0037785.jpg,streetview/panos/0037785.jpg,streetview/annotations/0037785.png
bingmap/19/0034852.jpg,streetview/panos/0034852.jpg,streetview/annotations/0034852.png
bingmap/19/0009429.jpg,streetview/panos/0009429.jpg,streetview/annotations/0009429.png
bingmap/19/0036284.jpg,streetview/panos/0036284.jpg,streetview/annotations/0036284.png
bingmap/19/0021634.jpg,streetview/panos/0021634.jpg,streetview/annotations/0021634.png
bingmap/19/0013422.jpg,streetview/panos/0013422.jpg,streetview/annotations/0013422.png
bingmap/19/0010432.jpg,streetview/panos/0010432.jpg,streetview/annotations/0010432.png
bingmap/19/0010127.jpg,streetview/panos/0010127.jpg,streetview/annotations/0010127.png
bingmap/19/0028921.jpg,streetview/panos/0028921.jpg,streetview/annotations/0028921.png
bingmap/19/0029782.jpg,streetview/panos/0029782.jpg,streetview/annotations/0029782.png
bingmap/19/0028384.jpg,streetview/panos/0028384.jpg,streetview/annotations/0028384.png
bingmap/19/0007360.jpg,streetview/panos/0007360.jpg,streetview/annotations/0007360.png
bingmap/19/0030483.jpg,streetview/panos/0030483.jpg,streetview/annotations/0030483.png
bingmap/19/0000791.jpg,streetview/panos/0000791.jpg,streetview/annotations/0000791.png
bingmap/19/0006725.jpg,streetview/panos/0006725.jpg,streetview/annotations/0006725.png
bingmap/19/0022832.jpg,streetview/panos/0022832.jpg,streetview/annotations/0022832.png
bingmap/19/0023227.jpg,streetview/panos/0023227.jpg,streetview/annotations/0023227.png
bingmap/19/0033133.jpg,streetview/panos/0033133.jpg,streetview/annotations/0033133.png
bingmap/19/0037625.jpg,streetview/panos/0037625.jpg,streetview/annotations/0037625.png
bingmap/19/0012610.jpg,streetview/panos/0012610.jpg,streetview/annotations/0012610.png
bingmap/19/0037424.jpg,streetview/panos/0037424.jpg,streetview/annotations/0037424.png
bingmap/19/0037506.jpg,streetview/panos/0037506.jpg,streetview/annotations/0037506.png
bingmap/19/0038042.jpg,streetview/panos/0038042.jpg,streetview/annotations/0038042.png
bingmap/19/0004328.jpg,streetview/panos/0004328.jpg,streetview/annotations/0004328.png
bingmap/19/0013630.jpg,streetview/panos/0013630.jpg,streetview/annotations/0013630.png
bingmap/19/0028896.jpg,streetview/panos/0028896.jpg,streetview/annotations/0028896.png
bingmap/19/0027609.jpg,streetview/panos/0027609.jpg,streetview/annotations/0027609.png
bingmap/19/0015383.jpg,streetview/panos/0015383.jpg,streetview/annotations/0015383.png
bingmap/19/0034409.jpg,streetview/panos/0034409.jpg,streetview/annotations/0034409.png
bingmap/19/0037829.jpg,streetview/panos/0037829.jpg,streetview/annotations/0037829.png
bingmap/19/0028302.jpg,streetview/panos/0028302.jpg,streetview/annotations/0028302.png
bingmap/19/0020954.jpg,streetview/panos/0020954.jpg,streetview/annotations/0020954.png
bingmap/19/0029645.jpg,streetview/panos/0029645.jpg,streetview/annotations/0029645.png
bingmap/19/0038518.jpg,streetview/panos/0038518.jpg,streetview/annotations/0038518.png
bingmap/19/0040157.jpg,streetview/panos/0040157.jpg,streetview/annotations/0040157.png
bingmap/19/0000148.jpg,streetview/panos/0000148.jpg,streetview/annotations/0000148.png
bingmap/19/0007294.jpg,streetview/panos/0007294.jpg,streetview/annotations/0007294.png
bingmap/19/0026525.jpg,streetview/panos/0026525.jpg,streetview/annotations/0026525.png
bingmap/19/0033477.jpg,streetview/panos/0033477.jpg,streetview/annotations/0033477.png
bingmap/19/0041929.jpg,streetview/panos/0041929.jpg,streetview/annotations/0041929.png
bingmap/19/0013242.jpg,streetview/panos/0013242.jpg,streetview/annotations/0013242.png
bingmap/19/0031998.jpg,streetview/panos/0031998.jpg,streetview/annotations/0031998.png
bingmap/19/0022922.jpg,streetview/panos/0022922.jpg,streetview/annotations/0022922.png
bingmap/19/0001753.jpg,streetview/panos/0001753.jpg,streetview/annotations/0001753.png
bingmap/19/0025677.jpg,streetview/panos/0025677.jpg,streetview/annotations/0025677.png
bingmap/19/0024695.jpg,streetview/panos/0024695.jpg,streetview/annotations/0024695.png
bingmap/19/0012054.jpg,streetview/panos/0012054.jpg,streetview/annotations/0012054.png
bingmap/19/0030996.jpg,streetview/panos/0030996.jpg,streetview/annotations/0030996.png
bingmap/19/0023262.jpg,streetview/panos/0023262.jpg,streetview/annotations/0023262.png
bingmap/19/0041604.jpg,streetview/panos/0041604.jpg,streetview/annotations/0041604.png
bingmap/19/0036041.jpg,streetview/panos/0036041.jpg,streetview/annotations/0036041.png
bingmap/19/0034550.jpg,streetview/panos/0034550.jpg,streetview/annotations/0034550.png
bingmap/19/0008890.jpg,streetview/panos/0008890.jpg,streetview/annotations/0008890.png
bingmap/19/0007316.jpg,streetview/panos/0007316.jpg,streetview/annotations/0007316.png
bingmap/19/0003886.jpg,streetview/panos/0003886.jpg,streetview/annotations/0003886.png
bingmap/19/0029006.jpg,streetview/panos/0029006.jpg,streetview/annotations/0029006.png
bingmap/19/0033370.jpg,streetview/panos/0033370.jpg,streetview/annotations/0033370.png
bingmap/19/0006996.jpg,streetview/panos/0006996.jpg,streetview/annotations/0006996.png
bingmap/19/0027813.jpg,streetview/panos/0027813.jpg,streetview/annotations/0027813.png
bingmap/19/0029983.jpg,streetview/panos/0029983.jpg,streetview/annotations/0029983.png
bingmap/19/0015236.jpg,streetview/panos/0015236.jpg,streetview/annotations/0015236.png
bingmap/19/0001074.jpg,streetview/panos/0001074.jpg,streetview/annotations/0001074.png
bingmap/19/0013994.jpg,streetview/panos/0013994.jpg,streetview/annotations/0013994.png
bingmap/19/0041845.jpg,streetview/panos/0041845.jpg,streetview/annotations/0041845.png
bingmap/19/0012521.jpg,streetview/panos/0012521.jpg,streetview/annotations/0012521.png
bingmap/19/0024849.jpg,streetview/panos/0024849.jpg,streetview/annotations/0024849.png
bingmap/19/0005062.jpg,streetview/panos/0005062.jpg,streetview/annotations/0005062.png
bingmap/19/0040627.jpg,streetview/panos/0040627.jpg,streetview/annotations/0040627.png
bingmap/19/0038435.jpg,streetview/panos/0038435.jpg,streetview/annotations/0038435.png
bingmap/19/0017329.jpg,streetview/panos/0017329.jpg,streetview/annotations/0017329.png
bingmap/19/0009690.jpg,streetview/panos/0009690.jpg,streetview/annotations/0009690.png
bingmap/19/0042144.jpg,streetview/panos/0042144.jpg,streetview/annotations/0042144.png
bingmap/19/0036199.jpg,streetview/panos/0036199.jpg,streetview/annotations/0036199.png
bingmap/19/0036416.jpg,streetview/panos/0036416.jpg,streetview/annotations/0036416.png
bingmap/19/0036418.jpg,streetview/panos/0036418.jpg,streetview/annotations/0036418.png
bingmap/19/0033785.jpg,streetview/panos/0033785.jpg,streetview/annotations/0033785.png
bingmap/19/0022407.jpg,streetview/panos/0022407.jpg,streetview/annotations/0022407.png
bingmap/19/0006458.jpg,streetview/panos/0006458.jpg,streetview/annotations/0006458.png
bingmap/19/0001342.jpg,streetview/panos/0001342.jpg,streetview/annotations/0001342.png
bingmap/19/0041241.jpg,streetview/panos/0041241.jpg,streetview/annotations/0041241.png
bingmap/19/0000682.jpg,streetview/panos/0000682.jpg,streetview/annotations/0000682.png
bingmap/19/0018517.jpg,streetview/panos/0018517.jpg,streetview/annotations/0018517.png
bingmap/19/0034910.jpg,streetview/panos/0034910.jpg,streetview/annotations/0034910.png
bingmap/19/0015161.jpg,streetview/panos/0015161.jpg,streetview/annotations/0015161.png
bingmap/19/0014821.jpg,streetview/panos/0014821.jpg,streetview/annotations/0014821.png
bingmap/19/0005406.jpg,streetview/panos/0005406.jpg,streetview/annotations/0005406.png
bingmap/19/0006827.jpg,streetview/panos/0006827.jpg,streetview/annotations/0006827.png
bingmap/19/0011090.jpg,streetview/panos/0011090.jpg,streetview/annotations/0011090.png
bingmap/19/0015902.jpg,streetview/panos/0015902.jpg,streetview/annotations/0015902.png
bingmap/19/0040930.jpg,streetview/panos/0040930.jpg,streetview/annotations/0040930.png
bingmap/19/0008857.jpg,streetview/panos/0008857.jpg,streetview/annotations/0008857.png
bingmap/19/0015679.jpg,streetview/panos/0015679.jpg,streetview/annotations/0015679.png
bingmap/19/0005227.jpg,streetview/panos/0005227.jpg,streetview/annotations/0005227.png
bingmap/19/0031704.jpg,streetview/panos/0031704.jpg,streetview/annotations/0031704.png
bingmap/19/0028968.jpg,streetview/panos/0028968.jpg,streetview/annotations/0028968.png
bingmap/19/0012632.jpg,streetview/panos/0012632.jpg,streetview/annotations/0012632.png
bingmap/19/0020711.jpg,streetview/panos/0020711.jpg,streetview/annotations/0020711.png
bingmap/19/0001825.jpg,streetview/panos/0001825.jpg,streetview/annotations/0001825.png
bingmap/19/0003193.jpg,streetview/panos/0003193.jpg,streetview/annotations/0003193.png
bingmap/19/0028693.jpg,streetview/panos/0028693.jpg,streetview/annotations/0028693.png
bingmap/19/0023057.jpg,streetview/panos/0023057.jpg,streetview/annotations/0023057.png
bingmap/19/0001622.jpg,streetview/panos/0001622.jpg,streetview/annotations/0001622.png
bingmap/19/0006524.jpg,streetview/panos/0006524.jpg,streetview/annotations/0006524.png
bingmap/19/0036113.jpg,streetview/panos/0036113.jpg,streetview/annotations/0036113.png
bingmap/19/0039013.jpg,streetview/panos/0039013.jpg,streetview/annotations/0039013.png
bingmap/19/0039695.jpg,streetview/panos/0039695.jpg,streetview/annotations/0039695.png
bingmap/19/0031296.jpg,streetview/panos/0031296.jpg,streetview/annotations/0031296.png
bingmap/19/0036433.jpg,streetview/panos/0036433.jpg,streetview/annotations/0036433.png
bingmap/19/0003213.jpg,streetview/panos/0003213.jpg,streetview/annotations/0003213.png
bingmap/19/0018589.jpg,streetview/panos/0018589.jpg,streetview/annotations/0018589.png
bingmap/19/0006644.jpg,streetview/panos/0006644.jpg,streetview/annotations/0006644.png
bingmap/19/0040534.jpg,streetview/panos/0040534.jpg,streetview/annotations/0040534.png
bingmap/19/0027671.jpg,streetview/panos/0027671.jpg,streetview/annotations/0027671.png
bingmap/19/0003686.jpg,streetview/panos/0003686.jpg,streetview/annotations/0003686.png
bingmap/19/0035619.jpg,streetview/panos/0035619.jpg,streetview/annotations/0035619.png
bingmap/19/0009500.jpg,streetview/panos/0009500.jpg,streetview/annotations/0009500.png
bingmap/19/0005059.jpg,streetview/panos/0005059.jpg,streetview/annotations/0005059.png
bingmap/19/0000609.jpg,streetview/panos/0000609.jpg,streetview/annotations/0000609.png
bingmap/19/0010285.jpg,streetview/panos/0010285.jpg,streetview/annotations/0010285.png
bingmap/19/0028394.jpg,streetview/panos/0028394.jpg,streetview/annotations/0028394.png
bingmap/19/0029424.jpg,streetview/panos/0029424.jpg,streetview/annotations/0029424.png
bingmap/19/0033857.jpg,streetview/panos/0033857.jpg,streetview/annotations/0033857.png
bingmap/19/0026133.jpg,streetview/panos/0026133.jpg,streetview/annotations/0026133.png
bingmap/19/0028719.jpg,streetview/panos/0028719.jpg,streetview/annotations/0028719.png
bingmap/19/0011643.jpg,streetview/panos/0011643.jpg,streetview/annotations/0011643.png
bingmap/19/0016480.jpg,streetview/panos/0016480.jpg,streetview/annotations/0016480.png
bingmap/19/0037063.jpg,streetview/panos/0037063.jpg,streetview/annotations/0037063.png
bingmap/19/0017631.jpg,streetview/panos/0017631.jpg,streetview/annotations/0017631.png
bingmap/19/0036702.jpg,streetview/panos/0036702.jpg,streetview/annotations/0036702.png
bingmap/19/0005160.jpg,streetview/panos/0005160.jpg,streetview/annotations/0005160.png
bingmap/19/0008117.jpg,streetview/panos/0008117.jpg,streetview/annotations/0008117.png
bingmap/19/0016939.jpg,streetview/panos/0016939.jpg,streetview/annotations/0016939.png
bingmap/19/0041610.jpg,streetview/panos/0041610.jpg,streetview/annotations/0041610.png
bingmap/19/0011841.jpg,streetview/panos/0011841.jpg,streetview/annotations/0011841.png
bingmap/19/0026483.jpg,streetview/panos/0026483.jpg,streetview/annotations/0026483.png
bingmap/19/0011354.jpg,streetview/panos/0011354.jpg,streetview/annotations/0011354.png
bingmap/19/0001688.jpg,streetview/panos/0001688.jpg,streetview/annotations/0001688.png
bingmap/19/0013660.jpg,streetview/panos/0013660.jpg,streetview/annotations/0013660.png
bingmap/19/0027624.jpg,streetview/panos/0027624.jpg,streetview/annotations/0027624.png
bingmap/19/0041166.jpg,streetview/panos/0041166.jpg,streetview/annotations/0041166.png
bingmap/19/0010665.jpg,streetview/panos/0010665.jpg,streetview/annotations/0010665.png
bingmap/19/0039687.jpg,streetview/panos/0039687.jpg,streetview/annotations/0039687.png
bingmap/19/0031616.jpg,streetview/panos/0031616.jpg,streetview/annotations/0031616.png
bingmap/19/0032742.jpg,streetview/panos/0032742.jpg,streetview/annotations/0032742.png
bingmap/19/0036056.jpg,streetview/panos/0036056.jpg,streetview/annotations/0036056.png
bingmap/19/0021798.jpg,streetview/panos/0021798.jpg,streetview/annotations/0021798.png
bingmap/19/0042889.jpg,streetview/panos/0042889.jpg,streetview/annotations/0042889.png
bingmap/19/0007187.jpg,streetview/panos/0007187.jpg,streetview/annotations/0007187.png
bingmap/19/0010175.jpg,streetview/panos/0010175.jpg,streetview/annotations/0010175.png
bingmap/19/0004337.jpg,streetview/panos/0004337.jpg,streetview/annotations/0004337.png
bingmap/19/0009921.jpg,streetview/panos/0009921.jpg,streetview/annotations/0009921.png
bingmap/19/0036727.jpg,streetview/panos/0036727.jpg,streetview/annotations/0036727.png
bingmap/19/0008825.jpg,streetview/panos/0008825.jpg,streetview/annotations/0008825.png
bingmap/19/0006173.jpg,streetview/panos/0006173.jpg,streetview/annotations/0006173.png
bingmap/19/0020584.jpg,streetview/panos/0020584.jpg,streetview/annotations/0020584.png
bingmap/19/0030825.jpg,streetview/panos/0030825.jpg,streetview/annotations/0030825.png
bingmap/19/0032042.jpg,streetview/panos/0032042.jpg,streetview/annotations/0032042.png
bingmap/19/0019042.jpg,streetview/panos/0019042.jpg,streetview/annotations/0019042.png
bingmap/19/0003098.jpg,streetview/panos/0003098.jpg,streetview/annotations/0003098.png
bingmap/19/0012184.jpg,streetview/panos/0012184.jpg,streetview/annotations/0012184.png
bingmap/19/0014974.jpg,streetview/panos/0014974.jpg,streetview/annotations/0014974.png
bingmap/19/0032974.jpg,streetview/panos/0032974.jpg,streetview/annotations/0032974.png
bingmap/19/0021360.jpg,streetview/panos/0021360.jpg,streetview/annotations/0021360.png
bingmap/19/0020635.jpg,streetview/panos/0020635.jpg,streetview/annotations/0020635.png
bingmap/19/0028599.jpg,streetview/panos/0028599.jpg,streetview/annotations/0028599.png
bingmap/19/0032146.jpg,streetview/panos/0032146.jpg,streetview/annotations/0032146.png
bingmap/19/0015461.jpg,streetview/panos/0015461.jpg,streetview/annotations/0015461.png
bingmap/19/0036575.jpg,streetview/panos/0036575.jpg,streetview/annotations/0036575.png
bingmap/19/0037499.jpg,streetview/panos/0037499.jpg,streetview/annotations/0037499.png
bingmap/19/0040068.jpg,streetview/panos/0040068.jpg,streetview/annotations/0040068.png
bingmap/19/0003859.jpg,streetview/panos/0003859.jpg,streetview/annotations/0003859.png
bingmap/19/0006580.jpg,streetview/panos/0006580.jpg,streetview/annotations/0006580.png
bingmap/19/0013840.jpg,streetview/panos/0013840.jpg,streetview/annotations/0013840.png
bingmap/19/0021676.jpg,streetview/panos/0021676.jpg,streetview/annotations/0021676.png
bingmap/19/0007021.jpg,streetview/panos/0007021.jpg,streetview/annotations/0007021.png
bingmap/19/0004685.jpg,streetview/panos/0004685.jpg,streetview/annotations/0004685.png
bingmap/19/0022732.jpg,streetview/panos/0022732.jpg,streetview/annotations/0022732.png
bingmap/19/0039855.jpg,streetview/panos/0039855.jpg,streetview/annotations/0039855.png
bingmap/19/0030444.jpg,streetview/panos/0030444.jpg,streetview/annotations/0030444.png
bingmap/19/0021800.jpg,streetview/panos/0021800.jpg,streetview/annotations/0021800.png
bingmap/19/0022566.jpg,streetview/panos/0022566.jpg,streetview/annotations/0022566.png
bingmap/19/0005445.jpg,streetview/panos/0005445.jpg,streetview/annotations/0005445.png
bingmap/19/0036209.jpg,streetview/panos/0036209.jpg,streetview/annotations/0036209.png
bingmap/19/0038810.jpg,streetview/panos/0038810.jpg,streetview/annotations/0038810.png
bingmap/19/0000378.jpg,streetview/panos/0000378.jpg,streetview/annotations/0000378.png
bingmap/19/0020491.jpg,streetview/panos/0020491.jpg,streetview/annotations/0020491.png
bingmap/19/0007878.jpg,streetview/panos/0007878.jpg,streetview/annotations/0007878.png
bingmap/19/0011070.jpg,streetview/panos/0011070.jpg,streetview/annotations/0011070.png
bingmap/19/0018054.jpg,streetview/panos/0018054.jpg,streetview/annotations/0018054.png
bingmap/19/0000503.jpg,streetview/panos/0000503.jpg,streetview/annotations/0000503.png
bingmap/19/0002388.jpg,streetview/panos/0002388.jpg,streetview/annotations/0002388.png
bingmap/19/0009805.jpg,streetview/panos/0009805.jpg,streetview/annotations/0009805.png
bingmap/19/0009643.jpg,streetview/panos/0009643.jpg,streetview/annotations/0009643.png
bingmap/19/0007667.jpg,streetview/panos/0007667.jpg,streetview/annotations/0007667.png
bingmap/19/0022646.jpg,streetview/panos/0022646.jpg,streetview/annotations/0022646.png
bingmap/19/0019286.jpg,streetview/panos/0019286.jpg,streetview/annotations/0019286.png
bingmap/19/0044202.jpg,streetview/panos/0044202.jpg,streetview/annotations/0044202.png
bingmap/19/0001711.jpg,streetview/panos/0001711.jpg,streetview/annotations/0001711.png
bingmap/19/0042783.jpg,streetview/panos/0042783.jpg,streetview/annotations/0042783.png
bingmap/19/0001826.jpg,streetview/panos/0001826.jpg,streetview/annotations/0001826.png
bingmap/19/0033423.jpg,streetview/panos/0033423.jpg,streetview/annotations/0033423.png
bingmap/19/0010194.jpg,streetview/panos/0010194.jpg,streetview/annotations/0010194.png
bingmap/19/0011092.jpg,streetview/panos/0011092.jpg,streetview/annotations/0011092.png
bingmap/19/0029485.jpg,streetview/panos/0029485.jpg,streetview/annotations/0029485.png
bingmap/19/0021342.jpg,streetview/panos/0021342.jpg,streetview/annotations/0021342.png
bingmap/19/0018652.jpg,streetview/panos/0018652.jpg,streetview/annotations/0018652.png
bingmap/19/0020273.jpg,streetview/panos/0020273.jpg,streetview/annotations/0020273.png
bingmap/19/0021911.jpg,streetview/panos/0021911.jpg,streetview/annotations/0021911.png
bingmap/19/0015043.jpg,streetview/panos/0015043.jpg,streetview/annotations/0015043.png
bingmap/19/0015051.jpg,streetview/panos/0015051.jpg,streetview/annotations/0015051.png
bingmap/19/0029251.jpg,streetview/panos/0029251.jpg,streetview/annotations/0029251.png
bingmap/19/0036471.jpg,streetview/panos/0036471.jpg,streetview/annotations/0036471.png
bingmap/19/0025429.jpg,streetview/panos/0025429.jpg,streetview/annotations/0025429.png
bingmap/19/0020489.jpg,streetview/panos/0020489.jpg,streetview/annotations/0020489.png
bingmap/19/0013810.jpg,streetview/panos/0013810.jpg,streetview/annotations/0013810.png
bingmap/19/0034007.jpg,streetview/panos/0034007.jpg,streetview/annotations/0034007.png
bingmap/19/0043969.jpg,streetview/panos/0043969.jpg,streetview/annotations/0043969.png
bingmap/19/0029389.jpg,streetview/panos/0029389.jpg,streetview/annotations/0029389.png
bingmap/19/0029102.jpg,streetview/panos/0029102.jpg,streetview/annotations/0029102.png
bingmap/19/0009549.jpg,streetview/panos/0009549.jpg,streetview/annotations/0009549.png
bingmap/19/0015946.jpg,streetview/panos/0015946.jpg,streetview/annotations/0015946.png
bingmap/19/0001346.jpg,streetview/panos/0001346.jpg,streetview/annotations/0001346.png
bingmap/19/0036541.jpg,streetview/panos/0036541.jpg,streetview/annotations/0036541.png
bingmap/19/0012704.jpg,streetview/panos/0012704.jpg,streetview/annotations/0012704.png
bingmap/19/0017161.jpg,streetview/panos/0017161.jpg,streetview/annotations/0017161.png
bingmap/19/0003080.jpg,streetview/panos/0003080.jpg,streetview/annotations/0003080.png
bingmap/19/0030031.jpg,streetview/panos/0030031.jpg,streetview/annotations/0030031.png
bingmap/19/0041738.jpg,streetview/panos/0041738.jpg,streetview/annotations/0041738.png
bingmap/19/0013177.jpg,streetview/panos/0013177.jpg,streetview/annotations/0013177.png
bingmap/19/0019894.jpg,streetview/panos/0019894.jpg,streetview/annotations/0019894.png
bingmap/19/0025765.jpg,streetview/panos/0025765.jpg,streetview/annotations/0025765.png
bingmap/19/0035349.jpg,streetview/panos/0035349.jpg,streetview/annotations/0035349.png
bingmap/19/0019003.jpg,streetview/panos/0019003.jpg,streetview/annotations/0019003.png
bingmap/19/0022647.jpg,streetview/panos/0022647.jpg,streetview/annotations/0022647.png
bingmap/19/0037265.jpg,streetview/panos/0037265.jpg,streetview/annotations/0037265.png
bingmap/19/0014174.jpg,streetview/panos/0014174.jpg,streetview/annotations/0014174.png
bingmap/19/0043072.jpg,streetview/panos/0043072.jpg,streetview/annotations/0043072.png
bingmap/19/0024077.jpg,streetview/panos/0024077.jpg,streetview/annotations/0024077.png
bingmap/19/0022580.jpg,streetview/panos/0022580.jpg,streetview/annotations/0022580.png
bingmap/19/0009097.jpg,streetview/panos/0009097.jpg,streetview/annotations/0009097.png
bingmap/19/0033638.jpg,streetview/panos/0033638.jpg,streetview/annotations/0033638.png
bingmap/19/0042193.jpg,streetview/panos/0042193.jpg,streetview/annotations/0042193.png
bingmap/19/0031060.jpg,streetview/panos/0031060.jpg,streetview/annotations/0031060.png
bingmap/19/0031763.jpg,streetview/panos/0031763.jpg,streetview/annotations/0031763.png
bingmap/19/0043294.jpg,streetview/panos/0043294.jpg,streetview/annotations/0043294.png
bingmap/19/0014815.jpg,streetview/panos/0014815.jpg,streetview/annotations/0014815.png
bingmap/19/0025096.jpg,streetview/panos/0025096.jpg,streetview/annotations/0025096.png
bingmap/19/0035238.jpg,streetview/panos/0035238.jpg,streetview/annotations/0035238.png
bingmap/19/0004457.jpg,streetview/panos/0004457.jpg,streetview/annotations/0004457.png
bingmap/19/0026881.jpg,streetview/panos/0026881.jpg,streetview/annotations/0026881.png
bingmap/19/0003523.jpg,streetview/panos/0003523.jpg,streetview/annotations/0003523.png
bingmap/19/0006795.jpg,streetview/panos/0006795.jpg,streetview/annotations/0006795.png
bingmap/19/0002859.jpg,streetview/panos/0002859.jpg,streetview/annotations/0002859.png
bingmap/19/0028043.jpg,streetview/panos/0028043.jpg,streetview/annotations/0028043.png
bingmap/19/0001996.jpg,streetview/panos/0001996.jpg,streetview/annotations/0001996.png
bingmap/19/0015789.jpg,streetview/panos/0015789.jpg,streetview/annotations/0015789.png
bingmap/19/0008422.jpg,streetview/panos/0008422.jpg,streetview/annotations/0008422.png
bingmap/19/0038026.jpg,streetview/panos/0038026.jpg,streetview/annotations/0038026.png
bingmap/19/0010913.jpg,streetview/panos/0010913.jpg,streetview/annotations/0010913.png
bingmap/19/0020427.jpg,streetview/panos/0020427.jpg,streetview/annotations/0020427.png
bingmap/19/0039379.jpg,streetview/panos/0039379.jpg,streetview/annotations/0039379.png
bingmap/19/0024185.jpg,streetview/panos/0024185.jpg,streetview/annotations/0024185.png
bingmap/19/0044448.jpg,streetview/panos/0044448.jpg,streetview/annotations/0044448.png
bingmap/19/0004136.jpg,streetview/panos/0004136.jpg,streetview/annotations/0004136.png
bingmap/19/0011046.jpg,streetview/panos/0011046.jpg,streetview/annotations/0011046.png
bingmap/19/0038826.jpg,streetview/panos/0038826.jpg,streetview/annotations/0038826.png
bingmap/19/0036800.jpg,streetview/panos/0036800.jpg,streetview/annotations/0036800.png
bingmap/19/0006262.jpg,streetview/panos/0006262.jpg,streetview/annotations/0006262.png
bingmap/19/0016528.jpg,streetview/panos/0016528.jpg,streetview/annotations/0016528.png
bingmap/19/0044105.jpg,streetview/panos/0044105.jpg,streetview/annotations/0044105.png
bingmap/19/0043636.jpg,streetview/panos/0043636.jpg,streetview/annotations/0043636.png
bingmap/19/0034432.jpg,streetview/panos/0034432.jpg,streetview/annotations/0034432.png
bingmap/19/0035265.jpg,streetview/panos/0035265.jpg,streetview/annotations/0035265.png
bingmap/19/0001394.jpg,streetview/panos/0001394.jpg,streetview/annotations/0001394.png
bingmap/19/0033833.jpg,streetview/panos/0033833.jpg,streetview/annotations/0033833.png
bingmap/19/0013430.jpg,streetview/panos/0013430.jpg,streetview/annotations/0013430.png
bingmap/19/0018612.jpg,streetview/panos/0018612.jpg,streetview/annotations/0018612.png
bingmap/19/0018350.jpg,streetview/panos/0018350.jpg,streetview/annotations/0018350.png
bingmap/19/0026471.jpg,streetview/panos/0026471.jpg,streetview/annotations/0026471.png
bingmap/19/0031378.jpg,streetview/panos/0031378.jpg,streetview/annotations/0031378.png
bingmap/19/0041141.jpg,streetview/panos/0041141.jpg,streetview/annotations/0041141.png
bingmap/19/0015289.jpg,streetview/panos/0015289.jpg,streetview/annotations/0015289.png
bingmap/19/0037698.jpg,streetview/panos/0037698.jpg,streetview/annotations/0037698.png
bingmap/19/0006567.jpg,streetview/panos/0006567.jpg,streetview/annotations/0006567.png
bingmap/19/0040366.jpg,streetview/panos/0040366.jpg,streetview/annotations/0040366.png
bingmap/19/0030678.jpg,streetview/panos/0030678.jpg,streetview/annotations/0030678.png
bingmap/19/0008260.jpg,streetview/panos/0008260.jpg,streetview/annotations/0008260.png
bingmap/19/0011048.jpg,streetview/panos/0011048.jpg,streetview/annotations/0011048.png
bingmap/19/0015058.jpg,streetview/panos/0015058.jpg,streetview/annotations/0015058.png
bingmap/19/0039759.jpg,streetview/panos/0039759.jpg,streetview/annotations/0039759.png
bingmap/19/0017382.jpg,streetview/panos/0017382.jpg,streetview/annotations/0017382.png
bingmap/19/0044503.jpg,streetview/panos/0044503.jpg,streetview/annotations/0044503.png
bingmap/19/0016064.jpg,streetview/panos/0016064.jpg,streetview/annotations/0016064.png
bingmap/19/0031883.jpg,streetview/panos/0031883.jpg,streetview/annotations/0031883.png
bingmap/19/0012225.jpg,streetview/panos/0012225.jpg,streetview/annotations/0012225.png
bingmap/19/0036167.jpg,streetview/panos/0036167.jpg,streetview/annotations/0036167.png
bingmap/19/0018043.jpg,streetview/panos/0018043.jpg,streetview/annotations/0018043.png
bingmap/19/0034538.jpg,streetview/panos/0034538.jpg,streetview/annotations/0034538.png
bingmap/19/0042849.jpg,streetview/panos/0042849.jpg,streetview/annotations/0042849.png
bingmap/19/0027057.jpg,streetview/panos/0027057.jpg,streetview/annotations/0027057.png
bingmap/19/0040486.jpg,streetview/panos/0040486.jpg,streetview/annotations/0040486.png
bingmap/19/0014223.jpg,streetview/panos/0014223.jpg,streetview/annotations/0014223.png
bingmap/19/0042553.jpg,streetview/panos/0042553.jpg,streetview/annotations/0042553.png
bingmap/19/0030865.jpg,streetview/panos/0030865.jpg,streetview/annotations/0030865.png
bingmap/19/0035529.jpg,streetview/panos/0035529.jpg,streetview/annotations/0035529.png
bingmap/19/0037824.jpg,streetview/panos/0037824.jpg,streetview/annotations/0037824.png
bingmap/19/0040765.jpg,streetview/panos/0040765.jpg,streetview/annotations/0040765.png
bingmap/19/0032455.jpg,streetview/panos/0032455.jpg,streetview/annotations/0032455.png
bingmap/19/0024613.jpg,streetview/panos/0024613.jpg,streetview/annotations/0024613.png
bingmap/19/0019866.jpg,streetview/panos/0019866.jpg,streetview/annotations/0019866.png
bingmap/19/0036268.jpg,streetview/panos/0036268.jpg,streetview/annotations/0036268.png
bingmap/19/0009426.jpg,streetview/panos/0009426.jpg,streetview/annotations/0009426.png
bingmap/19/0034819.jpg,streetview/panos/0034819.jpg,streetview/annotations/0034819.png
bingmap/19/0036844.jpg,streetview/panos/0036844.jpg,streetview/annotations/0036844.png
bingmap/19/0014072.jpg,streetview/panos/0014072.jpg,streetview/annotations/0014072.png
bingmap/19/0028149.jpg,streetview/panos/0028149.jpg,streetview/annotations/0028149.png
bingmap/19/0044502.jpg,streetview/panos/0044502.jpg,streetview/annotations/0044502.png
bingmap/19/0026783.jpg,streetview/panos/0026783.jpg,streetview/annotations/0026783.png
bingmap/19/0021789.jpg,streetview/panos/0021789.jpg,streetview/annotations/0021789.png
bingmap/19/0020613.jpg,streetview/panos/0020613.jpg,streetview/annotations/0020613.png
bingmap/19/0010824.jpg,streetview/panos/0010824.jpg,streetview/annotations/0010824.png
bingmap/19/0008197.jpg,streetview/panos/0008197.jpg,streetview/annotations/0008197.png
bingmap/19/0013552.jpg,streetview/panos/0013552.jpg,streetview/annotations/0013552.png
bingmap/19/0019222.jpg,streetview/panos/0019222.jpg,streetview/annotations/0019222.png
bingmap/19/0011236.jpg,streetview/panos/0011236.jpg,streetview/annotations/0011236.png
bingmap/19/0011484.jpg,streetview/panos/0011484.jpg,streetview/annotations/0011484.png
bingmap/19/0004223.jpg,streetview/panos/0004223.jpg,streetview/annotations/0004223.png
bingmap/19/0025278.jpg,streetview/panos/0025278.jpg,streetview/annotations/0025278.png
bingmap/19/0003244.jpg,streetview/panos/0003244.jpg,streetview/annotations/0003244.png
bingmap/19/0014933.jpg,streetview/panos/0014933.jpg,streetview/annotations/0014933.png
bingmap/19/0027775.jpg,streetview/panos/0027775.jpg,streetview/annotations/0027775.png
bingmap/19/0012441.jpg,streetview/panos/0012441.jpg,streetview/annotations/0012441.png
bingmap/19/0028650.jpg,streetview/panos/0028650.jpg,streetview/annotations/0028650.png
bingmap/19/0002046.jpg,streetview/panos/0002046.jpg,streetview/annotations/0002046.png
bingmap/19/0033189.jpg,streetview/panos/0033189.jpg,streetview/annotations/0033189.png
bingmap/19/0005269.jpg,streetview/panos/0005269.jpg,streetview/annotations/0005269.png
bingmap/19/0002339.jpg,streetview/panos/0002339.jpg,streetview/annotations/0002339.png
bingmap/19/0023658.jpg,streetview/panos/0023658.jpg,streetview/annotations/0023658.png
bingmap/19/0041384.jpg,streetview/panos/0041384.jpg,streetview/annotations/0041384.png
bingmap/19/0006866.jpg,streetview/panos/0006866.jpg,streetview/annotations/0006866.png
bingmap/19/0004609.jpg,streetview/panos/0004609.jpg,streetview/annotations/0004609.png
bingmap/19/0005855.jpg,streetview/panos/0005855.jpg,streetview/annotations/0005855.png
bingmap/19/0044323.jpg,streetview/panos/0044323.jpg,streetview/annotations/0044323.png
bingmap/19/0030282.jpg,streetview/panos/0030282.jpg,streetview/annotations/0030282.png
bingmap/19/0023342.jpg,streetview/panos/0023342.jpg,streetview/annotations/0023342.png
bingmap/19/0005741.jpg,streetview/panos/0005741.jpg,streetview/annotations/0005741.png
bingmap/19/0041086.jpg,streetview/panos/0041086.jpg,streetview/annotations/0041086.png
bingmap/19/0006420.jpg,streetview/panos/0006420.jpg,streetview/annotations/0006420.png
bingmap/19/0035138.jpg,streetview/panos/0035138.jpg,streetview/annotations/0035138.png
bingmap/19/0017685.jpg,streetview/panos/0017685.jpg,streetview/annotations/0017685.png
bingmap/19/0009481.jpg,streetview/panos/0009481.jpg,streetview/annotations/0009481.png
bingmap/19/0035707.jpg,streetview/panos/0035707.jpg,streetview/annotations/0035707.png
bingmap/19/0001945.jpg,streetview/panos/0001945.jpg,streetview/annotations/0001945.png
bingmap/19/0016748.jpg,streetview/panos/0016748.jpg,streetview/annotations/0016748.png
bingmap/19/0002024.jpg,streetview/panos/0002024.jpg,streetview/annotations/0002024.png
bingmap/19/0041525.jpg,streetview/panos/0041525.jpg,streetview/annotations/0041525.png
bingmap/19/0010478.jpg,streetview/panos/0010478.jpg,streetview/annotations/0010478.png
bingmap/19/0016228.jpg,streetview/panos/0016228.jpg,streetview/annotations/0016228.png
bingmap/19/0014225.jpg,streetview/panos/0014225.jpg,streetview/annotations/0014225.png
bingmap/19/0000737.jpg,streetview/panos/0000737.jpg,streetview/annotations/0000737.png
bingmap/19/0015823.jpg,streetview/panos/0015823.jpg,streetview/annotations/0015823.png
bingmap/19/0021622.jpg,streetview/panos/0021622.jpg,streetview/annotations/0021622.png
bingmap/19/0008809.jpg,streetview/panos/0008809.jpg,streetview/annotations/0008809.png
bingmap/19/0043850.jpg,streetview/panos/0043850.jpg,streetview/annotations/0043850.png
bingmap/19/0000041.jpg,streetview/panos/0000041.jpg,streetview/annotations/0000041.png
bingmap/19/0009224.jpg,streetview/panos/0009224.jpg,streetview/annotations/0009224.png
bingmap/19/0024133.jpg,streetview/panos/0024133.jpg,streetview/annotations/0024133.png
bingmap/19/0015098.jpg,streetview/panos/0015098.jpg,streetview/annotations/0015098.png
bingmap/19/0035102.jpg,streetview/panos/0035102.jpg,streetview/annotations/0035102.png
bingmap/19/0008572.jpg,streetview/panos/0008572.jpg,streetview/annotations/0008572.png
bingmap/19/0013639.jpg,streetview/panos/0013639.jpg,streetview/annotations/0013639.png
bingmap/19/0020508.jpg,streetview/panos/0020508.jpg,streetview/annotations/0020508.png
bingmap/19/0037724.jpg,streetview/panos/0037724.jpg,streetview/annotations/0037724.png
bingmap/19/0032626.jpg,streetview/panos/0032626.jpg,streetview/annotations/0032626.png
bingmap/19/0032044.jpg,streetview/panos/0032044.jpg,streetview/annotations/0032044.png
bingmap/19/0010931.jpg,streetview/panos/0010931.jpg,streetview/annotations/0010931.png
bingmap/19/0014230.jpg,streetview/panos/0014230.jpg,streetview/annotations/0014230.png
bingmap/19/0006450.jpg,streetview/panos/0006450.jpg,streetview/annotations/0006450.png
bingmap/19/0010526.jpg,streetview/panos/0010526.jpg,streetview/annotations/0010526.png
bingmap/19/0033095.jpg,streetview/panos/0033095.jpg,streetview/annotations/0033095.png
bingmap/19/0007750.jpg,streetview/panos/0007750.jpg,streetview/annotations/0007750.png
bingmap/19/0030846.jpg,streetview/panos/0030846.jpg,streetview/annotations/0030846.png
bingmap/19/0010148.jpg,streetview/panos/0010148.jpg,streetview/annotations/0010148.png
bingmap/19/0026787.jpg,streetview/panos/0026787.jpg,streetview/annotations/0026787.png
bingmap/19/0011662.jpg,streetview/panos/0011662.jpg,streetview/annotations/0011662.png
bingmap/19/0040274.jpg,streetview/panos/0040274.jpg,streetview/annotations/0040274.png
bingmap/19/0031360.jpg,streetview/panos/0031360.jpg,streetview/annotations/0031360.png
bingmap/19/0028097.jpg,streetview/panos/0028097.jpg,streetview/annotations/0028097.png
bingmap/19/0025311.jpg,streetview/panos/0025311.jpg,streetview/annotations/0025311.png
bingmap/19/0044456.jpg,streetview/panos/0044456.jpg,streetview/annotations/0044456.png
bingmap/19/0024301.jpg,streetview/panos/0024301.jpg,streetview/annotations/0024301.png
bingmap/19/0012684.jpg,streetview/panos/0012684.jpg,streetview/annotations/0012684.png
bingmap/19/0012138.jpg,streetview/panos/0012138.jpg,streetview/annotations/0012138.png
bingmap/19/0001151.jpg,streetview/panos/0001151.jpg,streetview/annotations/0001151.png
bingmap/19/0008831.jpg,streetview/panos/0008831.jpg,streetview/annotations/0008831.png
bingmap/19/0013516.jpg,streetview/panos/0013516.jpg,streetview/annotations/0013516.png
bingmap/19/0037895.jpg,streetview/panos/0037895.jpg,streetview/annotations/0037895.png
bingmap/19/0018889.jpg,streetview/panos/0018889.jpg,streetview/annotations/0018889.png
bingmap/19/0008363.jpg,streetview/panos/0008363.jpg,streetview/annotations/0008363.png
bingmap/19/0038304.jpg,streetview/panos/0038304.jpg,streetview/annotations/0038304.png
bingmap/19/0042312.jpg,streetview/panos/0042312.jpg,streetview/annotations/0042312.png
bingmap/19/0040344.jpg,streetview/panos/0040344.jpg,streetview/annotations/0040344.png
bingmap/19/0039370.jpg,streetview/panos/0039370.jpg,streetview/annotations/0039370.png
bingmap/19/0027516.jpg,streetview/panos/0027516.jpg,streetview/annotations/0027516.png
bingmap/19/0015398.jpg,streetview/panos/0015398.jpg,streetview/annotations/0015398.png
bingmap/19/0034649.jpg,streetview/panos/0034649.jpg,streetview/annotations/0034649.png
bingmap/19/0039066.jpg,streetview/panos/0039066.jpg,streetview/annotations/0039066.png
bingmap/19/0015891.jpg,streetview/panos/0015891.jpg,streetview/annotations/0015891.png
bingmap/19/0015623.jpg,streetview/panos/0015623.jpg,streetview/annotations/0015623.png
bingmap/19/0030843.jpg,streetview/panos/0030843.jpg,streetview/annotations/0030843.png
bingmap/19/0013797.jpg,streetview/panos/0013797.jpg,streetview/annotations/0013797.png
bingmap/19/0036111.jpg,streetview/panos/0036111.jpg,streetview/annotations/0036111.png
bingmap/19/0005328.jpg,streetview/panos/0005328.jpg,streetview/annotations/0005328.png
bingmap/19/0029148.jpg,streetview/panos/0029148.jpg,streetview/annotations/0029148.png
bingmap/19/0041783.jpg,streetview/panos/0041783.jpg,streetview/annotations/0041783.png
bingmap/19/0042740.jpg,streetview/panos/0042740.jpg,streetview/annotations/0042740.png
bingmap/19/0034629.jpg,streetview/panos/0034629.jpg,streetview/annotations/0034629.png
bingmap/19/0027374.jpg,streetview/panos/0027374.jpg,streetview/annotations/0027374.png
bingmap/19/0014277.jpg,streetview/panos/0014277.jpg,streetview/annotations/0014277.png
bingmap/19/0015654.jpg,streetview/panos/0015654.jpg,streetview/annotations/0015654.png
bingmap/19/0038426.jpg,streetview/panos/0038426.jpg,streetview/annotations/0038426.png
bingmap/19/0035003.jpg,streetview/panos/0035003.jpg,streetview/annotations/0035003.png
bingmap/19/0014997.jpg,streetview/panos/0014997.jpg,streetview/annotations/0014997.png
bingmap/19/0009667.jpg,streetview/panos/0009667.jpg,streetview/annotations/0009667.png
bingmap/19/0005134.jpg,streetview/panos/0005134.jpg,streetview/annotations/0005134.png
bingmap/19/0018607.jpg,streetview/panos/0018607.jpg,streetview/annotations/0018607.png
bingmap/19/0005479.jpg,streetview/panos/0005479.jpg,streetview/annotations/0005479.png
bingmap/19/0036966.jpg,streetview/panos/0036966.jpg,streetview/annotations/0036966.png
bingmap/19/0032292.jpg,streetview/panos/0032292.jpg,streetview/annotations/0032292.png
bingmap/19/0042828.jpg,streetview/panos/0042828.jpg,streetview/annotations/0042828.png
bingmap/19/0036383.jpg,streetview/panos/0036383.jpg,streetview/annotations/0036383.png
bingmap/19/0013964.jpg,streetview/panos/0013964.jpg,streetview/annotations/0013964.png
bingmap/19/0043875.jpg,streetview/panos/0043875.jpg,streetview/annotations/0043875.png
bingmap/19/0032838.jpg,streetview/panos/0032838.jpg,streetview/annotations/0032838.png
bingmap/19/0022064.jpg,streetview/panos/0022064.jpg,streetview/annotations/0022064.png
bingmap/19/0006466.jpg,streetview/panos/0006466.jpg,streetview/annotations/0006466.png
bingmap/19/0002079.jpg,streetview/panos/0002079.jpg,streetview/annotations/0002079.png
bingmap/19/0044469.jpg,streetview/panos/0044469.jpg,streetview/annotations/0044469.png
bingmap/19/0003085.jpg,streetview/panos/0003085.jpg,streetview/annotations/0003085.png
bingmap/19/0039711.jpg,streetview/panos/0039711.jpg,streetview/annotations/0039711.png
bingmap/19/0038668.jpg,streetview/panos/0038668.jpg,streetview/annotations/0038668.png
bingmap/19/0022353.jpg,streetview/panos/0022353.jpg,streetview/annotations/0022353.png
bingmap/19/0033337.jpg,streetview/panos/0033337.jpg,streetview/annotations/0033337.png
bingmap/19/0013909.jpg,streetview/panos/0013909.jpg,streetview/annotations/0013909.png
bingmap/19/0034918.jpg,streetview/panos/0034918.jpg,streetview/annotations/0034918.png
bingmap/19/0022208.jpg,streetview/panos/0022208.jpg,streetview/annotations/0022208.png
bingmap/19/0023569.jpg,streetview/panos/0023569.jpg,streetview/annotations/0023569.png
bingmap/19/0029360.jpg,streetview/panos/0029360.jpg,streetview/annotations/0029360.png
bingmap/19/0043044.jpg,streetview/panos/0043044.jpg,streetview/annotations/0043044.png
bingmap/19/0014659.jpg,streetview/panos/0014659.jpg,streetview/annotations/0014659.png
bingmap/19/0042713.jpg,streetview/panos/0042713.jpg,streetview/annotations/0042713.png
bingmap/19/0010268.jpg,streetview/panos/0010268.jpg,streetview/annotations/0010268.png
bingmap/19/0003250.jpg,streetview/panos/0003250.jpg,streetview/annotations/0003250.png
bingmap/19/0003870.jpg,streetview/panos/0003870.jpg,streetview/annotations/0003870.png
bingmap/19/0040847.jpg,streetview/panos/0040847.jpg,streetview/annotations/0040847.png
bingmap/19/0021061.jpg,streetview/panos/0021061.jpg,streetview/annotations/0021061.png
bingmap/19/0020450.jpg,streetview/panos/0020450.jpg,streetview/annotations/0020450.png
bingmap/19/0003536.jpg,streetview/panos/0003536.jpg,streetview/annotations/0003536.png
bingmap/19/0017322.jpg,streetview/panos/0017322.jpg,streetview/annotations/0017322.png
bingmap/19/0030374.jpg,streetview/panos/0030374.jpg,streetview/annotations/0030374.png
bingmap/19/0029657.jpg,streetview/panos/0029657.jpg,streetview/annotations/0029657.png
bingmap/19/0029601.jpg,streetview/panos/0029601.jpg,streetview/annotations/0029601.png
bingmap/19/0023263.jpg,streetview/panos/0023263.jpg,streetview/annotations/0023263.png
bingmap/19/0019215.jpg,streetview/panos/0019215.jpg,streetview/annotations/0019215.png
bingmap/19/0042763.jpg,streetview/panos/0042763.jpg,streetview/annotations/0042763.png
bingmap/19/0025117.jpg,streetview/panos/0025117.jpg,streetview/annotations/0025117.png
bingmap/19/0017628.jpg,streetview/panos/0017628.jpg,streetview/annotations/0017628.png
bingmap/19/0028709.jpg,streetview/panos/0028709.jpg,streetview/annotations/0028709.png
bingmap/19/0019995.jpg,streetview/panos/0019995.jpg,streetview/annotations/0019995.png
bingmap/19/0007830.jpg,streetview/panos/0007830.jpg,streetview/annotations/0007830.png
bingmap/19/0033509.jpg,streetview/panos/0033509.jpg,streetview/annotations/0033509.png
bingmap/19/0038908.jpg,streetview/panos/0038908.jpg,streetview/annotations/0038908.png
bingmap/19/0036722.jpg,streetview/panos/0036722.jpg,streetview/annotations/0036722.png
bingmap/19/0023759.jpg,streetview/panos/0023759.jpg,streetview/annotations/0023759.png
bingmap/19/0034276.jpg,streetview/panos/0034276.jpg,streetview/annotations/0034276.png
bingmap/19/0033159.jpg,streetview/panos/0033159.jpg,streetview/annotations/0033159.png
bingmap/19/0024110.jpg,streetview/panos/0024110.jpg,streetview/annotations/0024110.png
bingmap/19/0019179.jpg,streetview/panos/0019179.jpg,streetview/annotations/0019179.png
bingmap/19/0043414.jpg,streetview/panos/0043414.jpg,streetview/annotations/0043414.png
bingmap/19/0021117.jpg,streetview/panos/0021117.jpg,streetview/annotations/0021117.png
bingmap/19/0000703.jpg,streetview/panos/0000703.jpg,streetview/annotations/0000703.png
bingmap/19/0040892.jpg,streetview/panos/0040892.jpg,streetview/annotations/0040892.png
bingmap/19/0035276.jpg,streetview/panos/0035276.jpg,streetview/annotations/0035276.png
bingmap/19/0033098.jpg,streetview/panos/0033098.jpg,streetview/annotations/0033098.png
bingmap/19/0009277.jpg,streetview/panos/0009277.jpg,streetview/annotations/0009277.png
bingmap/19/0009387.jpg,streetview/panos/0009387.jpg,streetview/annotations/0009387.png
bingmap/19/0014059.jpg,streetview/panos/0014059.jpg,streetview/annotations/0014059.png
bingmap/19/0027175.jpg,streetview/panos/0027175.jpg,streetview/annotations/0027175.png
bingmap/19/0021504.jpg,streetview/panos/0021504.jpg,streetview/annotations/0021504.png
bingmap/19/0010683.jpg,streetview/panos/0010683.jpg,streetview/annotations/0010683.png
bingmap/19/0039313.jpg,streetview/panos/0039313.jpg,streetview/annotations/0039313.png
bingmap/19/0025318.jpg,streetview/panos/0025318.jpg,streetview/annotations/0025318.png
bingmap/19/0010191.jpg,streetview/panos/0010191.jpg,streetview/annotations/0010191.png
bingmap/19/0003223.jpg,streetview/panos/0003223.jpg,streetview/annotations/0003223.png
bingmap/19/0003194.jpg,streetview/panos/0003194.jpg,streetview/annotations/0003194.png
bingmap/19/0008361.jpg,streetview/panos/0008361.jpg,streetview/annotations/0008361.png
bingmap/19/0014606.jpg,streetview/panos/0014606.jpg,streetview/annotations/0014606.png
bingmap/19/0011624.jpg,streetview/panos/0011624.jpg,streetview/annotations/0011624.png
bingmap/19/0008868.jpg,streetview/panos/0008868.jpg,streetview/annotations/0008868.png
bingmap/19/0017361.jpg,streetview/panos/0017361.jpg,streetview/annotations/0017361.png
bingmap/19/0024912.jpg,streetview/panos/0024912.jpg,streetview/annotations/0024912.png
bingmap/19/0020016.jpg,streetview/panos/0020016.jpg,streetview/annotations/0020016.png
bingmap/19/0018551.jpg,streetview/panos/0018551.jpg,streetview/annotations/0018551.png
bingmap/19/0021697.jpg,streetview/panos/0021697.jpg,streetview/annotations/0021697.png
bingmap/19/0044118.jpg,streetview/panos/0044118.jpg,streetview/annotations/0044118.png
bingmap/19/0041277.jpg,streetview/panos/0041277.jpg,streetview/annotations/0041277.png
bingmap/19/0015432.jpg,streetview/panos/0015432.jpg,streetview/annotations/0015432.png
bingmap/19/0044008.jpg,streetview/panos/0044008.jpg,streetview/annotations/0044008.png
bingmap/19/0016865.jpg,streetview/panos/0016865.jpg,streetview/annotations/0016865.png
bingmap/19/0020471.jpg,streetview/panos/0020471.jpg,streetview/annotations/0020471.png
bingmap/19/0013132.jpg,streetview/panos/0013132.jpg,streetview/annotations/0013132.png
bingmap/19/0039333.jpg,streetview/panos/0039333.jpg,streetview/annotations/0039333.png
bingmap/19/0030849.jpg,streetview/panos/0030849.jpg,streetview/annotations/0030849.png
bingmap/19/0033372.jpg,streetview/panos/0033372.jpg,streetview/annotations/0033372.png
bingmap/19/0000499.jpg,streetview/panos/0000499.jpg,streetview/annotations/0000499.png
bingmap/19/0040347.jpg,streetview/panos/0040347.jpg,streetview/annotations/0040347.png
bingmap/19/0014576.jpg,streetview/panos/0014576.jpg,streetview/annotations/0014576.png
bingmap/19/0019133.jpg,streetview/panos/0019133.jpg,streetview/annotations/0019133.png
bingmap/19/0023681.jpg,streetview/panos/0023681.jpg,streetview/annotations/0023681.png
bingmap/19/0032027.jpg,streetview/panos/0032027.jpg,streetview/annotations/0032027.png
bingmap/19/0022889.jpg,streetview/panos/0022889.jpg,streetview/annotations/0022889.png
bingmap/19/0025571.jpg,streetview/panos/0025571.jpg,streetview/annotations/0025571.png
bingmap/19/0018207.jpg,streetview/panos/0018207.jpg,streetview/annotations/0018207.png
bingmap/19/0015790.jpg,streetview/panos/0015790.jpg,streetview/annotations/0015790.png
bingmap/19/0017780.jpg,streetview/panos/0017780.jpg,streetview/annotations/0017780.png
bingmap/19/0001374.jpg,streetview/panos/0001374.jpg,streetview/annotations/0001374.png
bingmap/19/0023208.jpg,streetview/panos/0023208.jpg,streetview/annotations/0023208.png
bingmap/19/0008872.jpg,streetview/panos/0008872.jpg,streetview/annotations/0008872.png
bingmap/19/0033368.jpg,streetview/panos/0033368.jpg,streetview/annotations/0033368.png
bingmap/19/0027319.jpg,streetview/panos/0027319.jpg,streetview/annotations/0027319.png
bingmap/19/0009192.jpg,streetview/panos/0009192.jpg,streetview/annotations/0009192.png
bingmap/19/0013557.jpg,streetview/panos/0013557.jpg,streetview/annotations/0013557.png
bingmap/19/0028625.jpg,streetview/panos/0028625.jpg,streetview/annotations/0028625.png
bingmap/19/0007313.jpg,streetview/panos/0007313.jpg,streetview/annotations/0007313.png
bingmap/19/0022961.jpg,streetview/panos/0022961.jpg,streetview/annotations/0022961.png
bingmap/19/0023533.jpg,streetview/panos/0023533.jpg,streetview/annotations/0023533.png
bingmap/19/0015044.jpg,streetview/panos/0015044.jpg,streetview/annotations/0015044.png
bingmap/19/0005651.jpg,streetview/panos/0005651.jpg,streetview/annotations/0005651.png
bingmap/19/0004122.jpg,streetview/panos/0004122.jpg,streetview/annotations/0004122.png
bingmap/19/0017159.jpg,streetview/panos/0017159.jpg,streetview/annotations/0017159.png
bingmap/19/0021515.jpg,streetview/panos/0021515.jpg,streetview/annotations/0021515.png
bingmap/19/0002177.jpg,streetview/panos/0002177.jpg,streetview/annotations/0002177.png
bingmap/19/0001079.jpg,streetview/panos/0001079.jpg,streetview/annotations/0001079.png
bingmap/19/0003125.jpg,streetview/panos/0003125.jpg,streetview/annotations/0003125.png
bingmap/19/0029166.jpg,streetview/panos/0029166.jpg,streetview/annotations/0029166.png
bingmap/19/0025890.jpg,streetview/panos/0025890.jpg,streetview/annotations/0025890.png
bingmap/19/0009969.jpg,streetview/panos/0009969.jpg,streetview/annotations/0009969.png
bingmap/19/0034747.jpg,streetview/panos/0034747.jpg,streetview/annotations/0034747.png
bingmap/19/0043344.jpg,streetview/panos/0043344.jpg,streetview/annotations/0043344.png
bingmap/19/0019120.jpg,streetview/panos/0019120.jpg,streetview/annotations/0019120.png
bingmap/19/0026385.jpg,streetview/panos/0026385.jpg,streetview/annotations/0026385.png
bingmap/19/0017848.jpg,streetview/panos/0017848.jpg,streetview/annotations/0017848.png
bingmap/19/0016007.jpg,streetview/panos/0016007.jpg,streetview/annotations/0016007.png
bingmap/19/0015112.jpg,streetview/panos/0015112.jpg,streetview/annotations/0015112.png
bingmap/19/0031217.jpg,streetview/panos/0031217.jpg,streetview/annotations/0031217.png
bingmap/19/0020021.jpg,streetview/panos/0020021.jpg,streetview/annotations/0020021.png
bingmap/19/0042851.jpg,streetview/panos/0042851.jpg,streetview/annotations/0042851.png
bingmap/19/0037124.jpg,streetview/panos/0037124.jpg,streetview/annotations/0037124.png
bingmap/19/0041600.jpg,streetview/panos/0041600.jpg,streetview/annotations/0041600.png
bingmap/19/0027445.jpg,streetview/panos/0027445.jpg,streetview/annotations/0027445.png
bingmap/19/0026155.jpg,streetview/panos/0026155.jpg,streetview/annotations/0026155.png
bingmap/19/0035735.jpg,streetview/panos/0035735.jpg,streetview/annotations/0035735.png
bingmap/19/0034678.jpg,streetview/panos/0034678.jpg,streetview/annotations/0034678.png
bingmap/19/0022884.jpg,streetview/panos/0022884.jpg,streetview/annotations/0022884.png
bingmap/19/0024146.jpg,streetview/panos/0024146.jpg,streetview/annotations/0024146.png
bingmap/19/0003426.jpg,streetview/panos/0003426.jpg,streetview/annotations/0003426.png
bingmap/19/0018346.jpg,streetview/panos/0018346.jpg,streetview/annotations/0018346.png
bingmap/19/0000698.jpg,streetview/panos/0000698.jpg,streetview/annotations/0000698.png
bingmap/19/0027839.jpg,streetview/panos/0027839.jpg,streetview/annotations/0027839.png
bingmap/19/0013667.jpg,streetview/panos/0013667.jpg,streetview/annotations/0013667.png
bingmap/19/0018444.jpg,streetview/panos/0018444.jpg,streetview/annotations/0018444.png
bingmap/19/0010877.jpg,streetview/panos/0010877.jpg,streetview/annotations/0010877.png
bingmap/19/0022355.jpg,streetview/panos/0022355.jpg,streetview/annotations/0022355.png
bingmap/19/0013321.jpg,streetview/panos/0013321.jpg,streetview/annotations/0013321.png
bingmap/19/0031740.jpg,streetview/panos/0031740.jpg,streetview/annotations/0031740.png
bingmap/19/0028533.jpg,streetview/panos/0028533.jpg,streetview/annotations/0028533.png
bingmap/19/0006233.jpg,streetview/panos/0006233.jpg,streetview/annotations/0006233.png
bingmap/19/0028159.jpg,streetview/panos/0028159.jpg,streetview/annotations/0028159.png
bingmap/19/0023047.jpg,streetview/panos/0023047.jpg,streetview/annotations/0023047.png
bingmap/19/0024095.jpg,streetview/panos/0024095.jpg,streetview/annotations/0024095.png
bingmap/19/0033436.jpg,streetview/panos/0033436.jpg,streetview/annotations/0033436.png
bingmap/19/0018604.jpg,streetview/panos/0018604.jpg,streetview/annotations/0018604.png
bingmap/19/0012239.jpg,streetview/panos/0012239.jpg,streetview/annotations/0012239.png
bingmap/19/0013579.jpg,streetview/panos/0013579.jpg,streetview/annotations/0013579.png
bingmap/19/0023888.jpg,streetview/panos/0023888.jpg,streetview/annotations/0023888.png
bingmap/19/0011794.jpg,streetview/panos/0011794.jpg,streetview/annotations/0011794.png
bingmap/19/0035635.jpg,streetview/panos/0035635.jpg,streetview/annotations/0035635.png
bingmap/19/0000712.jpg,streetview/panos/0000712.jpg,streetview/annotations/0000712.png
bingmap/19/0009178.jpg,streetview/panos/0009178.jpg,streetview/annotations/0009178.png
bingmap/19/0009278.jpg,streetview/panos/0009278.jpg,streetview/annotations/0009278.png
bingmap/19/0010135.jpg,streetview/panos/0010135.jpg,streetview/annotations/0010135.png
bingmap/19/0025195.jpg,streetview/panos/0025195.jpg,streetview/annotations/0025195.png
bingmap/19/0001218.jpg,streetview/panos/0001218.jpg,streetview/annotations/0001218.png
bingmap/19/0015281.jpg,streetview/panos/0015281.jpg,streetview/annotations/0015281.png
bingmap/19/0012221.jpg,streetview/panos/0012221.jpg,streetview/annotations/0012221.png
bingmap/19/0007431.jpg,streetview/panos/0007431.jpg,streetview/annotations/0007431.png
bingmap/19/0012408.jpg,streetview/panos/0012408.jpg,streetview/annotations/0012408.png
bingmap/19/0042708.jpg,streetview/panos/0042708.jpg,streetview/annotations/0042708.png
bingmap/19/0012486.jpg,streetview/panos/0012486.jpg,streetview/annotations/0012486.png
bingmap/19/0036333.jpg,streetview/panos/0036333.jpg,streetview/annotations/0036333.png
bingmap/19/0001273.jpg,streetview/panos/0001273.jpg,streetview/annotations/0001273.png
bingmap/19/0034750.jpg,streetview/panos/0034750.jpg,streetview/annotations/0034750.png
bingmap/19/0002587.jpg,streetview/panos/0002587.jpg,streetview/annotations/0002587.png
bingmap/19/0042403.jpg,streetview/panos/0042403.jpg,streetview/annotations/0042403.png
bingmap/19/0031874.jpg,streetview/panos/0031874.jpg,streetview/annotations/0031874.png
bingmap/19/0039915.jpg,streetview/panos/0039915.jpg,streetview/annotations/0039915.png
bingmap/19/0038948.jpg,streetview/panos/0038948.jpg,streetview/annotations/0038948.png
bingmap/19/0037733.jpg,streetview/panos/0037733.jpg,streetview/annotations/0037733.png
bingmap/19/0022710.jpg,streetview/panos/0022710.jpg,streetview/annotations/0022710.png
bingmap/19/0038807.jpg,streetview/panos/0038807.jpg,streetview/annotations/0038807.png
bingmap/19/0039011.jpg,streetview/panos/0039011.jpg,streetview/annotations/0039011.png
bingmap/19/0035358.jpg,streetview/panos/0035358.jpg,streetview/annotations/0035358.png
bingmap/19/0006916.jpg,streetview/panos/0006916.jpg,streetview/annotations/0006916.png
bingmap/19/0039091.jpg,streetview/panos/0039091.jpg,streetview/annotations/0039091.png
bingmap/19/0040103.jpg,streetview/panos/0040103.jpg,streetview/annotations/0040103.png
bingmap/19/0035291.jpg,streetview/panos/0035291.jpg,streetview/annotations/0035291.png
bingmap/19/0013508.jpg,streetview/panos/0013508.jpg,streetview/annotations/0013508.png
bingmap/19/0002049.jpg,streetview/panos/0002049.jpg,streetview/annotations/0002049.png
bingmap/19/0012071.jpg,streetview/panos/0012071.jpg,streetview/annotations/0012071.png
bingmap/19/0015597.jpg,streetview/panos/0015597.jpg,streetview/annotations/0015597.png
bingmap/19/0005097.jpg,streetview/panos/0005097.jpg,streetview/annotations/0005097.png
bingmap/19/0042823.jpg,streetview/panos/0042823.jpg,streetview/annotations/0042823.png
bingmap/19/0036277.jpg,streetview/panos/0036277.jpg,streetview/annotations/0036277.png
bingmap/19/0020594.jpg,streetview/panos/0020594.jpg,streetview/annotations/0020594.png
bingmap/19/0038680.jpg,streetview/panos/0038680.jpg,streetview/annotations/0038680.png
bingmap/19/0011356.jpg,streetview/panos/0011356.jpg,streetview/annotations/0011356.png
bingmap/19/0000173.jpg,streetview/panos/0000173.jpg,streetview/annotations/0000173.png
bingmap/19/0029353.jpg,streetview/panos/0029353.jpg,streetview/annotations/0029353.png
bingmap/19/0017002.jpg,streetview/panos/0017002.jpg,streetview/annotations/0017002.png
bingmap/19/0022286.jpg,streetview/panos/0022286.jpg,streetview/annotations/0022286.png
bingmap/19/0025997.jpg,streetview/panos/0025997.jpg,streetview/annotations/0025997.png
bingmap/19/0012978.jpg,streetview/panos/0012978.jpg,streetview/annotations/0012978.png
bingmap/19/0004729.jpg,streetview/panos/0004729.jpg,streetview/annotations/0004729.png
bingmap/19/0034107.jpg,streetview/panos/0034107.jpg,streetview/annotations/0034107.png
bingmap/19/0027052.jpg,streetview/panos/0027052.jpg,streetview/annotations/0027052.png
bingmap/19/0034228.jpg,streetview/panos/0034228.jpg,streetview/annotations/0034228.png
bingmap/19/0019863.jpg,streetview/panos/0019863.jpg,streetview/annotations/0019863.png
bingmap/19/0008938.jpg,streetview/panos/0008938.jpg,streetview/annotations/0008938.png
bingmap/19/0037221.jpg,streetview/panos/0037221.jpg,streetview/annotations/0037221.png
bingmap/19/0021777.jpg,streetview/panos/0021777.jpg,streetview/annotations/0021777.png
bingmap/19/0026028.jpg,streetview/panos/0026028.jpg,streetview/annotations/0026028.png
bingmap/19/0002787.jpg,streetview/panos/0002787.jpg,streetview/annotations/0002787.png
bingmap/19/0041824.jpg,streetview/panos/0041824.jpg,streetview/annotations/0041824.png
bingmap/19/0035835.jpg,streetview/panos/0035835.jpg,streetview/annotations/0035835.png
bingmap/19/0013602.jpg,streetview/panos/0013602.jpg,streetview/annotations/0013602.png
bingmap/19/0021212.jpg,streetview/panos/0021212.jpg,streetview/annotations/0021212.png
bingmap/19/0040855.jpg,streetview/panos/0040855.jpg,streetview/annotations/0040855.png
bingmap/19/0012848.jpg,streetview/panos/0012848.jpg,streetview/annotations/0012848.png
bingmap/19/0036886.jpg,streetview/panos/0036886.jpg,streetview/annotations/0036886.png
bingmap/19/0024779.jpg,streetview/panos/0024779.jpg,streetview/annotations/0024779.png
bingmap/19/0010617.jpg,streetview/panos/0010617.jpg,streetview/annotations/0010617.png
bingmap/19/0013026.jpg,streetview/panos/0013026.jpg,streetview/annotations/0013026.png
bingmap/19/0010625.jpg,streetview/panos/0010625.jpg,streetview/annotations/0010625.png
bingmap/19/0003956.jpg,streetview/panos/0003956.jpg,streetview/annotations/0003956.png
bingmap/19/0029156.jpg,streetview/panos/0029156.jpg,streetview/annotations/0029156.png
bingmap/19/0001612.jpg,streetview/panos/0001612.jpg,streetview/annotations/0001612.png
bingmap/19/0026418.jpg,streetview/panos/0026418.jpg,streetview/annotations/0026418.png
bingmap/19/0002835.jpg,streetview/panos/0002835.jpg,streetview/annotations/0002835.png
bingmap/19/0039134.jpg,streetview/panos/0039134.jpg,streetview/annotations/0039134.png
bingmap/19/0008241.jpg,streetview/panos/0008241.jpg,streetview/annotations/0008241.png
bingmap/19/0004949.jpg,streetview/panos/0004949.jpg,streetview/annotations/0004949.png
bingmap/19/0021386.jpg,streetview/panos/0021386.jpg,streetview/annotations/0021386.png
bingmap/19/0015340.jpg,streetview/panos/0015340.jpg,streetview/annotations/0015340.png
bingmap/19/0002568.jpg,streetview/panos/0002568.jpg,streetview/annotations/0002568.png
bingmap/19/0025914.jpg,streetview/panos/0025914.jpg,streetview/annotations/0025914.png
bingmap/19/0011563.jpg,streetview/panos/0011563.jpg,streetview/annotations/0011563.png
bingmap/19/0015882.jpg,streetview/panos/0015882.jpg,streetview/annotations/0015882.png
bingmap/19/0004103.jpg,streetview/panos/0004103.jpg,streetview/annotations/0004103.png
bingmap/19/0003283.jpg,streetview/panos/0003283.jpg,streetview/annotations/0003283.png
bingmap/19/0032117.jpg,streetview/panos/0032117.jpg,streetview/annotations/0032117.png
bingmap/19/0006360.jpg,streetview/panos/0006360.jpg,streetview/annotations/0006360.png
bingmap/19/0013363.jpg,streetview/panos/0013363.jpg,streetview/annotations/0013363.png
bingmap/19/0033149.jpg,streetview/panos/0033149.jpg,streetview/annotations/0033149.png
bingmap/19/0007794.jpg,streetview/panos/0007794.jpg,streetview/annotations/0007794.png
bingmap/19/0031584.jpg,streetview/panos/0031584.jpg,streetview/annotations/0031584.png
bingmap/19/0009871.jpg,streetview/panos/0009871.jpg,streetview/annotations/0009871.png
bingmap/19/0033390.jpg,streetview/panos/0033390.jpg,streetview/annotations/0033390.png
bingmap/19/0039683.jpg,streetview/panos/0039683.jpg,streetview/annotations/0039683.png
bingmap/19/0009381.jpg,streetview/panos/0009381.jpg,streetview/annotations/0009381.png
bingmap/19/0010778.jpg,streetview/panos/0010778.jpg,streetview/annotations/0010778.png
bingmap/19/0015960.jpg,streetview/panos/0015960.jpg,streetview/annotations/0015960.png
bingmap/19/0003610.jpg,streetview/panos/0003610.jpg,streetview/annotations/0003610.png
bingmap/19/0023541.jpg,streetview/panos/0023541.jpg,streetview/annotations/0023541.png
bingmap/19/0043050.jpg,streetview/panos/0043050.jpg,streetview/annotations/0043050.png
bingmap/19/0027039.jpg,streetview/panos/0027039.jpg,streetview/annotations/0027039.png
bingmap/19/0030299.jpg,streetview/panos/0030299.jpg,streetview/annotations/0030299.png
bingmap/19/0041197.jpg,streetview/panos/0041197.jpg,streetview/annotations/0041197.png
bingmap/19/0018536.jpg,streetview/panos/0018536.jpg,streetview/annotations/0018536.png
bingmap/19/0001452.jpg,streetview/panos/0001452.jpg,streetview/annotations/0001452.png
bingmap/19/0035742.jpg,streetview/panos/0035742.jpg,streetview/annotations/0035742.png
bingmap/19/0028194.jpg,streetview/panos/0028194.jpg,streetview/annotations/0028194.png
bingmap/19/0039249.jpg,streetview/panos/0039249.jpg,streetview/annotations/0039249.png
bingmap/19/0034946.jpg,streetview/panos/0034946.jpg,streetview/annotations/0034946.png
bingmap/19/0004465.jpg,streetview/panos/0004465.jpg,streetview/annotations/0004465.png
bingmap/19/0018991.jpg,streetview/panos/0018991.jpg,streetview/annotations/0018991.png
bingmap/19/0043497.jpg,streetview/panos/0043497.jpg,streetview/annotations/0043497.png
bingmap/19/0027985.jpg,streetview/panos/0027985.jpg,streetview/annotations/0027985.png
bingmap/19/0032904.jpg,streetview/panos/0032904.jpg,streetview/annotations/0032904.png
bingmap/19/0013685.jpg,streetview/panos/0013685.jpg,streetview/annotations/0013685.png
bingmap/19/0000044.jpg,streetview/panos/0000044.jpg,streetview/annotations/0000044.png
bingmap/19/0027503.jpg,streetview/panos/0027503.jpg,streetview/annotations/0027503.png
bingmap/19/0008405.jpg,streetview/panos/0008405.jpg,streetview/annotations/0008405.png
bingmap/19/0002319.jpg,streetview/panos/0002319.jpg,streetview/annotations/0002319.png
bingmap/19/0028063.jpg,streetview/panos/0028063.jpg,streetview/annotations/0028063.png
bingmap/19/0032458.jpg,streetview/panos/0032458.jpg,streetview/annotations/0032458.png
bingmap/19/0025680.jpg,streetview/panos/0025680.jpg,streetview/annotations/0025680.png
bingmap/19/0031300.jpg,streetview/panos/0031300.jpg,streetview/annotations/0031300.png
bingmap/19/0034783.jpg,streetview/panos/0034783.jpg,streetview/annotations/0034783.png
bingmap/19/0043324.jpg,streetview/panos/0043324.jpg,streetview/annotations/0043324.png
bingmap/19/0027891.jpg,streetview/panos/0027891.jpg,streetview/annotations/0027891.png
bingmap/19/0041930.jpg,streetview/panos/0041930.jpg,streetview/annotations/0041930.png
bingmap/19/0041195.jpg,streetview/panos/0041195.jpg,streetview/annotations/0041195.png
bingmap/19/0026679.jpg,streetview/panos/0026679.jpg,streetview/annotations/0026679.png
bingmap/19/0040557.jpg,streetview/panos/0040557.jpg,streetview/annotations/0040557.png
bingmap/19/0037935.jpg,streetview/panos/0037935.jpg,streetview/annotations/0037935.png
bingmap/19/0006992.jpg,streetview/panos/0006992.jpg,streetview/annotations/0006992.png
bingmap/19/0014957.jpg,streetview/panos/0014957.jpg,streetview/annotations/0014957.png
bingmap/19/0042456.jpg,streetview/panos/0042456.jpg,streetview/annotations/0042456.png
bingmap/19/0005281.jpg,streetview/panos/0005281.jpg,streetview/annotations/0005281.png
bingmap/19/0041867.jpg,streetview/panos/0041867.jpg,streetview/annotations/0041867.png
bingmap/19/0013347.jpg,streetview/panos/0013347.jpg,streetview/annotations/0013347.png
bingmap/19/0040026.jpg,streetview/panos/0040026.jpg,streetview/annotations/0040026.png
bingmap/19/0028216.jpg,streetview/panos/0028216.jpg,streetview/annotations/0028216.png
bingmap/19/0035395.jpg,streetview/panos/0035395.jpg,streetview/annotations/0035395.png
bingmap/19/0001560.jpg,streetview/panos/0001560.jpg,streetview/annotations/0001560.png
bingmap/19/0021762.jpg,streetview/panos/0021762.jpg,streetview/annotations/0021762.png
bingmap/19/0016783.jpg,streetview/panos/0016783.jpg,streetview/annotations/0016783.png
bingmap/19/0032054.jpg,streetview/panos/0032054.jpg,streetview/annotations/0032054.png
bingmap/19/0006977.jpg,streetview/panos/0006977.jpg,streetview/annotations/0006977.png
bingmap/19/0003616.jpg,streetview/panos/0003616.jpg,streetview/annotations/0003616.png
bingmap/19/0008532.jpg,streetview/panos/0008532.jpg,streetview/annotations/0008532.png
bingmap/19/0020605.jpg,streetview/panos/0020605.jpg,streetview/annotations/0020605.png
bingmap/19/0009309.jpg,streetview/panos/0009309.jpg,streetview/annotations/0009309.png
bingmap/19/0038591.jpg,streetview/panos/0038591.jpg,streetview/annotations/0038591.png
bingmap/19/0034259.jpg,streetview/panos/0034259.jpg,streetview/annotations/0034259.png
bingmap/19/0009568.jpg,streetview/panos/0009568.jpg,streetview/annotations/0009568.png
bingmap/19/0007934.jpg,streetview/panos/0007934.jpg,streetview/annotations/0007934.png
bingmap/19/0009971.jpg,streetview/panos/0009971.jpg,streetview/annotations/0009971.png
bingmap/19/0023220.jpg,streetview/panos/0023220.jpg,streetview/annotations/0023220.png
bingmap/19/0010408.jpg,streetview/panos/0010408.jpg,streetview/annotations/0010408.png
bingmap/19/0006489.jpg,streetview/panos/0006489.jpg,streetview/annotations/0006489.png
bingmap/19/0033504.jpg,streetview/panos/0033504.jpg,streetview/annotations/0033504.png
bingmap/19/0032088.jpg,streetview/panos/0032088.jpg,streetview/annotations/0032088.png
bingmap/19/0013405.jpg,streetview/panos/0013405.jpg,streetview/annotations/0013405.png
bingmap/19/0001842.jpg,streetview/panos/0001842.jpg,streetview/annotations/0001842.png
bingmap/19/0027693.jpg,streetview/panos/0027693.jpg,streetview/annotations/0027693.png
bingmap/19/0038966.jpg,streetview/panos/0038966.jpg,streetview/annotations/0038966.png
bingmap/19/0003776.jpg,streetview/panos/0003776.jpg,streetview/annotations/0003776.png
bingmap/19/0041020.jpg,streetview/panos/0041020.jpg,streetview/annotations/0041020.png
bingmap/19/0032090.jpg,streetview/panos/0032090.jpg,streetview/annotations/0032090.png
bingmap/19/0020186.jpg,streetview/panos/0020186.jpg,streetview/annotations/0020186.png
bingmap/19/0038022.jpg,streetview/panos/0038022.jpg,streetview/annotations/0038022.png
bingmap/19/0039458.jpg,streetview/panos/0039458.jpg,streetview/annotations/0039458.png
bingmap/19/0028312.jpg,streetview/panos/0028312.jpg,streetview/annotations/0028312.png
bingmap/19/0018740.jpg,streetview/panos/0018740.jpg,streetview/annotations/0018740.png
bingmap/19/0036483.jpg,streetview/panos/0036483.jpg,streetview/annotations/0036483.png
bingmap/19/0019943.jpg,streetview/panos/0019943.jpg,streetview/annotations/0019943.png
bingmap/19/0019867.jpg,streetview/panos/0019867.jpg,streetview/annotations/0019867.png
bingmap/19/0030512.jpg,streetview/panos/0030512.jpg,streetview/annotations/0030512.png
bingmap/19/0009007.jpg,streetview/panos/0009007.jpg,streetview/annotations/0009007.png
bingmap/19/0002035.jpg,streetview/panos/0002035.jpg,streetview/annotations/0002035.png
bingmap/19/0031056.jpg,streetview/panos/0031056.jpg,streetview/annotations/0031056.png
bingmap/19/0020634.jpg,streetview/panos/0020634.jpg,streetview/annotations/0020634.png
bingmap/19/0041470.jpg,streetview/panos/0041470.jpg,streetview/annotations/0041470.png
bingmap/19/0027080.jpg,streetview/panos/0027080.jpg,streetview/annotations/0027080.png
bingmap/19/0021735.jpg,streetview/panos/0021735.jpg,streetview/annotations/0021735.png
bingmap/19/0009267.jpg,streetview/panos/0009267.jpg,streetview/annotations/0009267.png
bingmap/19/0033403.jpg,streetview/panos/0033403.jpg,streetview/annotations/0033403.png
bingmap/19/0016251.jpg,streetview/panos/0016251.jpg,streetview/annotations/0016251.png
bingmap/19/0009408.jpg,streetview/panos/0009408.jpg,streetview/annotations/0009408.png
bingmap/19/0019989.jpg,streetview/panos/0019989.jpg,streetview/annotations/0019989.png
bingmap/19/0041527.jpg,streetview/panos/0041527.jpg,streetview/annotations/0041527.png
bingmap/19/0016319.jpg,streetview/panos/0016319.jpg,streetview/annotations/0016319.png
bingmap/19/0019330.jpg,streetview/panos/0019330.jpg,streetview/annotations/0019330.png
bingmap/19/0031261.jpg,streetview/panos/0031261.jpg,streetview/annotations/0031261.png
bingmap/19/0038094.jpg,streetview/panos/0038094.jpg,streetview/annotations/0038094.png
bingmap/19/0027754.jpg,streetview/panos/0027754.jpg,streetview/annotations/0027754.png
bingmap/19/0008068.jpg,streetview/panos/0008068.jpg,streetview/annotations/0008068.png
bingmap/19/0043938.jpg,streetview/panos/0043938.jpg,streetview/annotations/0043938.png
bingmap/19/0017504.jpg,streetview/panos/0017504.jpg,streetview/annotations/0017504.png
bingmap/19/0001858.jpg,streetview/panos/0001858.jpg,streetview/annotations/0001858.png
bingmap/19/0021908.jpg,streetview/panos/0021908.jpg,streetview/annotations/0021908.png
bingmap/19/0002267.jpg,streetview/panos/0002267.jpg,streetview/annotations/0002267.png
bingmap/19/0027281.jpg,streetview/panos/0027281.jpg,streetview/annotations/0027281.png
bingmap/19/0021152.jpg,streetview/panos/0021152.jpg,streetview/annotations/0021152.png
bingmap/19/0036431.jpg,streetview/panos/0036431.jpg,streetview/annotations/0036431.png
bingmap/19/0001814.jpg,streetview/panos/0001814.jpg,streetview/annotations/0001814.png
bingmap/19/0034957.jpg,streetview/panos/0034957.jpg,streetview/annotations/0034957.png
bingmap/19/0023933.jpg,streetview/panos/0023933.jpg,streetview/annotations/0023933.png
bingmap/19/0033136.jpg,streetview/panos/0033136.jpg,streetview/annotations/0033136.png
bingmap/19/0043199.jpg,streetview/panos/0043199.jpg,streetview/annotations/0043199.png
bingmap/19/0034256.jpg,streetview/panos/0034256.jpg,streetview/annotations/0034256.png
bingmap/19/0037295.jpg,streetview/panos/0037295.jpg,streetview/annotations/0037295.png
bingmap/19/0001200.jpg,streetview/panos/0001200.jpg,streetview/annotations/0001200.png
bingmap/19/0013104.jpg,streetview/panos/0013104.jpg,streetview/annotations/0013104.png
bingmap/19/0017584.jpg,streetview/panos/0017584.jpg,streetview/annotations/0017584.png
bingmap/19/0015744.jpg,streetview/panos/0015744.jpg,streetview/annotations/0015744.png
bingmap/19/0005006.jpg,streetview/panos/0005006.jpg,streetview/annotations/0005006.png
bingmap/19/0013955.jpg,streetview/panos/0013955.jpg,streetview/annotations/0013955.png
bingmap/19/0035222.jpg,streetview/panos/0035222.jpg,streetview/annotations/0035222.png
bingmap/19/0031960.jpg,streetview/panos/0031960.jpg,streetview/annotations/0031960.png
bingmap/19/0032939.jpg,streetview/panos/0032939.jpg,streetview/annotations/0032939.png
bingmap/19/0029569.jpg,streetview/panos/0029569.jpg,streetview/annotations/0029569.png
bingmap/19/0006878.jpg,streetview/panos/0006878.jpg,streetview/annotations/0006878.png
bingmap/19/0031970.jpg,streetview/panos/0031970.jpg,streetview/annotations/0031970.png
bingmap/19/0003095.jpg,streetview/panos/0003095.jpg,streetview/annotations/0003095.png
bingmap/19/0000308.jpg,streetview/panos/0000308.jpg,streetview/annotations/0000308.png
bingmap/19/0033318.jpg,streetview/panos/0033318.jpg,streetview/annotations/0033318.png
bingmap/19/0008268.jpg,streetview/panos/0008268.jpg,streetview/annotations/0008268.png
bingmap/19/0008772.jpg,streetview/panos/0008772.jpg,streetview/annotations/0008772.png
bingmap/19/0007482.jpg,streetview/panos/0007482.jpg,streetview/annotations/0007482.png
bingmap/19/0004168.jpg,streetview/panos/0004168.jpg,streetview/annotations/0004168.png
bingmap/19/0039435.jpg,streetview/panos/0039435.jpg,streetview/annotations/0039435.png
bingmap/19/0033066.jpg,streetview/panos/0033066.jpg,streetview/annotations/0033066.png
bingmap/19/0037607.jpg,streetview/panos/0037607.jpg,streetview/annotations/0037607.png
bingmap/19/0009136.jpg,streetview/panos/0009136.jpg,streetview/annotations/0009136.png
bingmap/19/0005946.jpg,streetview/panos/0005946.jpg,streetview/annotations/0005946.png
bingmap/19/0004405.jpg,streetview/panos/0004405.jpg,streetview/annotations/0004405.png
bingmap/19/0022611.jpg,streetview/panos/0022611.jpg,streetview/annotations/0022611.png
bingmap/19/0008031.jpg,streetview/panos/0008031.jpg,streetview/annotations/0008031.png
bingmap/19/0007896.jpg,streetview/panos/0007896.jpg,streetview/annotations/0007896.png
bingmap/19/0011482.jpg,streetview/panos/0011482.jpg,streetview/annotations/0011482.png
bingmap/19/0003383.jpg,streetview/panos/0003383.jpg,streetview/annotations/0003383.png
bingmap/19/0029919.jpg,streetview/panos/0029919.jpg,streetview/annotations/0029919.png
bingmap/19/0009363.jpg,streetview/panos/0009363.jpg,streetview/annotations/0009363.png
bingmap/19/0035134.jpg,streetview/panos/0035134.jpg,streetview/annotations/0035134.png
bingmap/19/0004699.jpg,streetview/panos/0004699.jpg,streetview/annotations/0004699.png
bingmap/19/0000195.jpg,streetview/panos/0000195.jpg,streetview/annotations/0000195.png
bingmap/19/0010229.jpg,streetview/panos/0010229.jpg,streetview/annotations/0010229.png
bingmap/19/0039900.jpg,streetview/panos/0039900.jpg,streetview/annotations/0039900.png
bingmap/19/0040080.jpg,streetview/panos/0040080.jpg,streetview/annotations/0040080.png
bingmap/19/0026015.jpg,streetview/panos/0026015.jpg,streetview/annotations/0026015.png
bingmap/19/0005721.jpg,streetview/panos/0005721.jpg,streetview/annotations/0005721.png
bingmap/19/0025749.jpg,streetview/panos/0025749.jpg,streetview/annotations/0025749.png
bingmap/19/0026649.jpg,streetview/panos/0026649.jpg,streetview/annotations/0026649.png
bingmap/19/0032595.jpg,streetview/panos/0032595.jpg,streetview/annotations/0032595.png
bingmap/19/0008027.jpg,streetview/panos/0008027.jpg,streetview/annotations/0008027.png
bingmap/19/0002190.jpg,streetview/panos/0002190.jpg,streetview/annotations/0002190.png
bingmap/19/0002103.jpg,streetview/panos/0002103.jpg,streetview/annotations/0002103.png
bingmap/19/0005378.jpg,streetview/panos/0005378.jpg,streetview/annotations/0005378.png
bingmap/19/0016935.jpg,streetview/panos/0016935.jpg,streetview/annotations/0016935.png
bingmap/19/0028926.jpg,streetview/panos/0028926.jpg,streetview/annotations/0028926.png
bingmap/19/0028326.jpg,streetview/panos/0028326.jpg,streetview/annotations/0028326.png
bingmap/19/0001194.jpg,streetview/panos/0001194.jpg,streetview/annotations/0001194.png
bingmap/19/0031154.jpg,streetview/panos/0031154.jpg,streetview/annotations/0031154.png
bingmap/19/0042569.jpg,streetview/panos/0042569.jpg,streetview/annotations/0042569.png
bingmap/19/0012058.jpg,streetview/panos/0012058.jpg,streetview/annotations/0012058.png
bingmap/19/0009512.jpg,streetview/panos/0009512.jpg,streetview/annotations/0009512.png
bingmap/19/0040395.jpg,streetview/panos/0040395.jpg,streetview/annotations/0040395.png
bingmap/19/0022657.jpg,streetview/panos/0022657.jpg,streetview/annotations/0022657.png
bingmap/19/0015438.jpg,streetview/panos/0015438.jpg,streetview/annotations/0015438.png
bingmap/19/0024916.jpg,streetview/panos/0024916.jpg,streetview/annotations/0024916.png
bingmap/19/0011082.jpg,streetview/panos/0011082.jpg,streetview/annotations/0011082.png
bingmap/19/0001230.jpg,streetview/panos/0001230.jpg,streetview/annotations/0001230.png
bingmap/19/0001920.jpg,streetview/panos/0001920.jpg,streetview/annotations/0001920.png
bingmap/19/0035153.jpg,streetview/panos/0035153.jpg,streetview/annotations/0035153.png
bingmap/19/0032758.jpg,streetview/panos/0032758.jpg,streetview/annotations/0032758.png
bingmap/19/0023561.jpg,streetview/panos/0023561.jpg,streetview/annotations/0023561.png
bingmap/19/0040214.jpg,streetview/panos/0040214.jpg,streetview/annotations/0040214.png
bingmap/19/0004876.jpg,streetview/panos/0004876.jpg,streetview/annotations/0004876.png
bingmap/19/0028651.jpg,streetview/panos/0028651.jpg,streetview/annotations/0028651.png
bingmap/19/0014955.jpg,streetview/panos/0014955.jpg,streetview/annotations/0014955.png
bingmap/19/0033353.jpg,streetview/panos/0033353.jpg,streetview/annotations/0033353.png
bingmap/19/0002590.jpg,streetview/panos/0002590.jpg,streetview/annotations/0002590.png
bingmap/19/0015065.jpg,streetview/panos/0015065.jpg,streetview/annotations/0015065.png
bingmap/19/0035462.jpg,streetview/panos/0035462.jpg,streetview/annotations/0035462.png
bingmap/19/0040276.jpg,streetview/panos/0040276.jpg,streetview/annotations/0040276.png
bingmap/19/0039357.jpg,streetview/panos/0039357.jpg,streetview/annotations/0039357.png
bingmap/19/0036787.jpg,streetview/panos/0036787.jpg,streetview/annotations/0036787.png
bingmap/19/0036235.jpg,streetview/panos/0036235.jpg,streetview/annotations/0036235.png
bingmap/19/0025175.jpg,streetview/panos/0025175.jpg,streetview/annotations/0025175.png
bingmap/19/0034392.jpg,streetview/panos/0034392.jpg,streetview/annotations/0034392.png
bingmap/19/0008382.jpg,streetview/panos/0008382.jpg,streetview/annotations/0008382.png
bingmap/19/0017103.jpg,streetview/panos/0017103.jpg,streetview/annotations/0017103.png
bingmap/19/0032756.jpg,streetview/panos/0032756.jpg,streetview/annotations/0032756.png
bingmap/19/0018773.jpg,streetview/panos/0018773.jpg,streetview/annotations/0018773.png
bingmap/19/0042349.jpg,streetview/panos/0042349.jpg,streetview/annotations/0042349.png
bingmap/19/0024108.jpg,streetview/panos/0024108.jpg,streetview/annotations/0024108.png
bingmap/19/0015889.jpg,streetview/panos/0015889.jpg,streetview/annotations/0015889.png
bingmap/19/0037749.jpg,streetview/panos/0037749.jpg,streetview/annotations/0037749.png
bingmap/19/0021669.jpg,streetview/panos/0021669.jpg,streetview/annotations/0021669.png
bingmap/19/0044120.jpg,streetview/panos/0044120.jpg,streetview/annotations/0044120.png
bingmap/19/0010015.jpg,streetview/panos/0010015.jpg,streetview/annotations/0010015.png
bingmap/19/0013976.jpg,streetview/panos/0013976.jpg,streetview/annotations/0013976.png
bingmap/19/0036784.jpg,streetview/panos/0036784.jpg,streetview/annotations/0036784.png
bingmap/19/0040633.jpg,streetview/panos/0040633.jpg,streetview/annotations/0040633.png
bingmap/19/0021404.jpg,streetview/panos/0021404.jpg,streetview/annotations/0021404.png
bingmap/19/0029800.jpg,streetview/panos/0029800.jpg,streetview/annotations/0029800.png
bingmap/19/0035485.jpg,streetview/panos/0035485.jpg,streetview/annotations/0035485.png
bingmap/19/0032160.jpg,streetview/panos/0032160.jpg,streetview/annotations/0032160.png
